Query  ,Observed  ,Mr(expt)  ,Mr(calc)  , ppm  ,Miss ,Score ,Expect ,Rank , Peptide
14010  ,1275.5851  ,2549.1556  ,2549.1665  ,-4.26 ,0  ,38  ,0.1 ,1  ,""" LCYVALDFEQEMATAASSSSLEK + Carbamidomethyl (C)"""
14329  ,957.4317  ,2869.2733  ,2869.2678  ,1.90 ,0  ,37  ,0.051 ,1  ,""" TSELVYNQESEWAEQQWAQTGEEK"""
14372  ,975.1333  ,2922.3782  ,2922.3771  ,0.40 ,0  ,36  ,0.058 ,1  ,""" SGTIFDNIIITDSVEEAEAHAAETFDK"""
11794  ,954.4932  ,1906.9718  ,1906.9748  ,-1.61 ,0  ,35  ,0.059 ,1  ,""" LSSVPSGGSAPAAAAPSGGAAPK"""
10069  ,821.4033  ,1640.7921  ,1640.7933  ,-0.77 ,0  ,34  ,0.1 ,1  ,""" EIYTTVGIDYNEPK"""
10728  ,866.3906  ,1730.7667  ,1730.7669  ,-0.09 ,0  ,34  ,0.13 ,1  ,""" FEQEMATAASSSSLEK + Oxidation (M)"""
11689  ,946.4974  ,1890.9802  ,1890.9840  ,-1.99 ,0  ,34  ,0.057 ,1  ,""" VSYGHPLPITQEQVPLN"""
9971  ,817.3970  ,2449.1691  ,2449.1737  ,-1.87 ,0  ,34  ,0.11 ,1  ,""" SVVDFMQGNVGQPPYGFPEPLR + Oxidation (M)"""
6430  ,654.3082  ,1959.9029  ,1959.9051  ,-1.14 ,2  ,33  ,0.097 ,1  ,""" RPYRSEKSTAISDSQGV + Phospho (ST)"""
11553  ,934.4213  ,1866.8280  ,1866.8369  ,-4.79 ,0  ,33  ,0.19 ,1  ,""" CAPVVGSNIIQCVNEK + 2 Carbamidomethyl (C); Phospho (ST)"""
6124  ,640.3057  ,1917.8954  ,1917.9003  ,-2.58 ,0  ,33  ,0.089 ,1  ,""" SQSSNDTFPTAMHIAVGR"""
14046  ,863.4083  ,2587.2030  ,2587.2000  ,1.15 ,0  ,33  ,0.12 ,1  ,""" QVYDDGTLYTPEVLDMTTEELR"""
12702  ,698.3297  ,2091.9673  ,2091.9718  ,-2.13 ,0  ,33  ,0.08 ,1  ,""" SFAMEVCLTGNHVTAQEAK + Carbamidomethyl (C)"""
4361  ,564.2858  ,1689.8355  ,1689.8421  ,-3.91 ,1  ,33  ,0.063 ,1  ,""" LTDEDKVSIESAVER"""
7767  ,706.3480  ,1410.6815  ,1410.6813  ,0.12 ,1  ,32  ,0.13 ,1  ,""" MKVNPFVSSDSGK + Oxidation (M)"""
13063  ,1080.9599  ,2159.9052  ,2159.9061  ,-0.40 ,0  ,32  ,0.098 ,1  ,""" VSMIPGYDGEIADEDMCVK + Carbamidomethyl (C); 2 Oxidation (M)"""
6668  ,663.3362  ,1986.9867  ,1986.9867  ,0.02 ,0  ,32  ,0.11 ,1  ,""" ISLGLPVGAVMNCADNTGAK + Carbamidomethyl (C)"""
14556  ,865.6989  ,3458.7664  ,3458.7681  ,-0.51 ,2  ,32  ,0.072 ,1  ,""" ATAAVARPGVPLDEREGKEIYTTVGIDYNEPK"""
12877  ,708.3717  ,2122.0932  ,2122.0848  ,3.98 ,0  ,32  ,0.051 ,1  ,""" FNVPHPYPGSDTVGVPALQK"""
5678  ,621.3224  ,1240.6302  ,1240.6340  ,-3.01 ,0  ,32  ,0.087 ,1  ,""" LEYFTSGTVPK"""
9199  ,514.5783  ,1540.7131  ,1540.7126  ,0.30 ,0  ,31  ,0.064 ,1  ,""" SRPGCMITDTTFR + Carbamidomethyl (C)"""
5824  ,626.6623  ,1876.9652  ,1876.9604  ,2.58 ,1  ,31  ,0.053 ,1  ,""" ELSEEYKQMLELPLR"""
11386  ,919.9576  ,1837.9006  ,1837.9039  ,-1.79 ,0  ,31  ,0.084 ,1  ,""" AANVEFEPYWPGLFAK"""
7732  ,704.8503  ,1407.6861  ,1407.6882  ,-1.48 ,0  ,31  ,0.057 ,1  ,""" LTADYDALDVANK"""
7658  ,468.5624  ,1402.6654  ,1402.6663  ,-0.62 ,1  ,31  ,0.063 ,1  ,""" NRIEFPDEPMR"""
12310  ,1006.5087  ,2011.0028  ,2010.9939  ,4.47 ,0  ,31  ,0.23 ,1  ,""" YLPEVYPEGFQGTSLSPK"""
12558  ,1031.5173  ,2061.0200  ,2061.0143  ,2.79 ,2  ,31  ,0.25 ,1  ,""" KTITEAQGKQLHEEIEK + Phospho (ST)"""
14457  ,793.6533  ,3170.5839  ,3170.5884  ,-1.41 ,1  ,31  ,0.13 ,1  ,""" FVSSLPVKEGERPTEHAVEVEFVEGSANK"""
11395  ,920.4128  ,2758.2167  ,2758.2188  ,-0.78 ,0  ,30  ,0.36 ,1  ,""" YAVAPDGSLIPTEFSGKPLGK + 2 Biotin (K); 2 Phospho (ST)"""
6160  ,641.7986  ,1281.5827  ,1281.5837  ,-0.77 ,0  ,30  ,0.061 ,1  ,""" NYQEQSGTVEK"""
6432  ,654.3327  ,1306.6508  ,1306.6517  ,-0.64 ,1  ,30  ,0.14 ,1  ,""" AIYNTPSEEKR"""
9897  ,541.6163  ,1621.8269  ,1621.8284  ,-0.94 ,1  ,30  ,0.06 ,1  ,""" LVTHGDNREQALNR"""
3154  ,510.2828  ,1018.5510  ,1018.5481  ,2.86 ,0  ,30  ,0.056 ,1  ,""" AEVIIMATR + Oxidation (M)"""
2183  ,468.2538  ,1401.7395  ,1401.7398  ,-0.20 ,2  ,30  ,0.065 ,1  ,""" KEQKMDQLLNR"""
14081  ,655.5867  ,2618.3175  ,2618.3188  ,-0.47 ,2  ,30  ,0.13 ,1  ,""" KYNTEDKVSHVSTGGGASLELLEGK"""
8618  ,742.9154  ,1483.8163  ,1483.8147  ,1.06 ,0  ,30  ,0.053 ,1  ,""" PLAVDLLHPEPQR"""
715  ,396.2065  ,790.3985  ,790.3974  ,1.41 ,0  ,30  ,0.061 ,1  ,""" AVDPFSR"""
2647  ,488.8998  ,1463.6777  ,1463.6789  ,-0.80 ,1  ,29  ,0.099 ,1  ,""" MKVETCVYSGYK + Carbamidomethyl (C)"""
5324  ,606.3001  ,1210.5855  ,1210.5830  ,2.14 ,0  ,29  ,0.062 ,1  ,""" SQVTIEYESR"""
5156  ,598.7859  ,1195.5573  ,1195.5598  ,-2.06 ,1  ,29  ,0.054 ,1  ,""" KGGTGVNLGSLN + Phospho (ST)"""
2028  ,461.2559  ,920.4972  ,920.4967  ,0.49 ,0  ,29  ,0.064 ,1  ,""" GFSLQELK"""
1103  ,414.8816  ,1241.6231  ,1241.6252  ,-1.66 ,0  ,29  ,0.063 ,1  ,""" LDATVHGEVSSK"""
14306  ,945.8458  ,2834.5156  ,2834.5191  ,-1.22 ,1  ,29  ,0.051 ,1  ,""" ILHRPSPDRLPNIYLNIGLDYAER"""
767  ,398.2165  ,794.4185  ,794.4174  ,1.36 ,0  ,29  ,0.055 ,1  ,""" FTELSAK"""
6939  ,674.8341  ,1347.6535  ,1347.6572  ,-2.67 ,0  ,29  ,0.074 ,1  ,""" HFSVEGQLEFR"""
5171  ,599.7642  ,1197.5138  ,1197.5150  ,-0.99 ,0  ,29  ,0.065 ,1  ,""" DSYVGDEAQSK"""
10389  ,841.4107  ,1680.8069  ,1680.8108  ,-2.32 ,0  ,29  ,0.39 ,1  ,""" DAVVTVPAYFNDSQR"""
9906  ,812.4149  ,1622.8152  ,1622.8151  ,0.03 ,0  ,29  ,0.26 ,1  ,""" VAQNPADLAELPEEK"""
3957  ,546.7773  ,1091.5400  ,1091.5434  ,-3.09 ,0  ,29  ,0.055 ,1  ,""" TITPMGGFPR + Oxidation (M)"""
9555  ,790.3884  ,1578.7623  ,1578.7638  ,-0.95 ,0  ,29  ,0.34 ,1  ,""" SQTGQGITNPYGQTK"""
10193  ,830.4204  ,1658.8263  ,1658.8264  ,-0.03 ,0  ,29  ,0.12 ,1  ,""" AAGFNLPNVTVEDQGK"""
11610  ,938.4788  ,1874.9431  ,1874.9338  ,4.93 ,2  ,28  ,0.3 ,1  ,""" RPKTWAQLTQKGR + Biotin (K); Phospho (ST)"""
6709  ,664.3783  ,1326.7420  ,1326.7395  ,1.95 ,1  ,28  ,0.055 ,1  ,""" LIPDSIGKDIEK"""
11357  ,917.3902  ,1832.7658  ,1832.7740  ,-4.47 ,0  ,28  ,0.49 ,1  ,""" NPDDISNEEYAEFYK"""
4674  ,576.7797  ,1151.5449  ,1151.5458  ,-0.82 ,0  ,28  ,0.087 ,1  ,""" YLAEVASEDR"""
3613  ,532.7671  ,1063.5196  ,1063.5186  ,1.01 ,1  ,28  ,0.067 ,1  ,""" DFLAEAEAKA"""
1766  ,449.2171  ,896.4196  ,896.4175  ,2.39 ,0  ,28  ,0.14 ,1  ,""" GMTGFGTAR"""
12532  ,513.7815  ,2051.0969  ,2051.0953  ,0.78 ,0  ,28  ,0.066 ,1  ,""" YVATLGVEVHPLVFHTNR"""
4798  ,581.9534  ,1742.8385  ,1742.8376  ,0.48 ,0  ,28  ,0.15 ,1  ,""" DLHASLDAVFGGNWNK"""
8434  ,733.9018  ,1465.7890  ,1465.7889  ,0.11 ,0  ,28  ,0.075 ,1  ,""" IILNEQHETTIR"""
1829  ,451.7507  ,901.4869  ,901.4869  ,0.10 ,1  ,28  ,0.051 ,1  ,""" LKQEADAK"""
7339  ,690.8796  ,1379.7447  ,1379.7449  ,-0.13 ,0  ,28  ,0.064 ,1  ,""" TSFFQALQIPTK"""
5401  ,406.8784  ,1217.6133  ,1217.6153  ,-1.58 ,0  ,28  ,0.085 ,1  ,""" AQLSLGHSYSR"""
12746  ,700.3230  ,2097.9473  ,2097.9394  ,3.76 ,2  ,28  ,0.25 ,1  ,""" ATCWDGVACQTRQEKCATK"""
12656  ,521.7836  ,2083.1055  ,2083.1023  ,1.51 ,2  ,28  ,0.079 ,1  ,""" MKLDYVLGLKVEDFLER + Oxidation (M)"""
5338  ,606.8205  ,1211.6264  ,1211.6299  ,-2.81 ,1  ,28  ,0.059 ,1  ,""" SKFDNLYGIR"""
9339  ,778.8994  ,1555.7841  ,1555.7842  ,-0.03 ,0  ,28  ,0.12 ,1  ,""" GLSEETTTGVHNLAK"""
3428  ,525.2674  ,1048.5202  ,1048.5189  ,1.27 ,1  ,28  ,0.17 ,1  ,""" KDPQDFATK"""
6894  ,448.5710  ,1342.6913  ,1342.6915  ,-0.13 ,1  ,28  ,0.088 ,1  ,""" AILDMGDKIHSK + Oxidation (M)"""
6655  ,662.6968  ,1985.0685  ,1985.0694  ,-0.46 ,1  ,28  ,0.073 ,1  ,""" YRNPTSVPVTATVTINPR"""
5610  ,618.9896  ,1853.9469  ,1853.9483  ,-0.76 ,1  ,28  ,0.14 ,1  ,""" VKSENLQEIPEDIANR"""
9027  ,508.5867  ,1522.7382  ,1522.7376  ,0.38 ,1  ,28  ,0.14 ,1  ,""" RVSVDDGAGSIEYR"""
5402  ,609.8281  ,1217.6417  ,1217.6438  ,-1.70 ,1  ,28  ,0.066 ,1  ,""" KMGEQAVQLAK + Oxidation (M)"""
2393  ,478.2479  ,954.4812  ,954.4811  ,0.13 ,0  ,28  ,0.056 ,1  ,""" ELDFYLR"""
3450  ,351.1840  ,1050.5301  ,1050.5280  ,1.92 ,1  ,28  ,0.052 ,1  ,""" QYMQPTKR"""
5885  ,629.3297  ,1256.6447  ,1256.6473  ,-2.04 ,0  ,28  ,0.21 ,1  ,""" ASHIQTTVASSR"""
2295  ,473.5843  ,1417.7310  ,1417.7265  ,3.22 ,2  ,28  ,0.082 ,1  ,""" KTLVTARAPR + Biotin (K); Phospho (ST)"""
11227  ,453.9759  ,1811.8744  ,1811.8737  ,0.40 ,2  ,28  ,0.19 ,1  ,""" RSPMEHENKEWTLR"""
3897  ,544.2806  ,1086.5466  ,1086.5458  ,0.74 ,0  ,27  ,0.2 ,1  ,""" LNNPTGGWTK"""
6543  ,657.3561  ,1312.6977  ,1312.6962  ,1.20 ,0  ,27  ,0.16 ,1  ,""" VALCIPLYHER"""
5924  ,421.2273  ,1260.6600  ,1260.6615  ,-1.18 ,1  ,27  ,0.062 ,1  ,""" IKTWFDQPAR"""
9357  ,779.8966  ,1557.7785  ,1557.7774  ,0.74 ,0  ,27  ,0.14 ,1  ,""" VGATVDEGEVLVELE"""
13576  ,574.5396  ,2294.1295  ,2294.1253  ,1.82 ,0  ,27  ,0.25 ,1  ,""" LDSASAFAGSVISPHYDSLMVK"""
4022  ,549.2894  ,1096.5642  ,1096.5642  ,0.02 ,1  ,27  ,0.15 ,1  ,""" AVAVVTSKSR + Phospho (ST)"""
12669  ,696.3179  ,2085.9318  ,2085.9309  ,0.41 ,0  ,27  ,0.31 ,1  ,""" TQWIDFLWAQENAAASR + Phospho (ST)"""
855  ,403.2135  ,1206.6187  ,1206.6179  ,0.64 ,1  ,27  ,0.13 ,1  ,""" EFNKVMVANR"""
6953  ,675.3793  ,1348.7441  ,1348.7463  ,-1.62 ,0  ,27  ,0.086 ,1  ,""" VGHQELVGEIIR"""
13862  ,817.4366  ,2449.2880  ,2449.2866  ,0.57 ,1  ,27  ,0.11 ,1  ,""" VLAQGIHFSASNAAFLYETVRR"""
6233  ,644.8504  ,1287.6862  ,1287.6857  ,0.38 ,0  ,27  ,0.066 ,1  ,""" VCVIVANDATVK + Carbamidomethyl (C)"""
14361  ,970.5097  ,2908.5074  ,2908.5004  ,2.38 ,1  ,27  ,0.16 ,1  ,""" EGDKVGASESALLNMLGVTPFSYGLVVR"""
3902  ,544.3033  ,1086.5920  ,1086.5921  ,-0.04 ,1  ,27  ,0.06 ,1  ,""" QIVEVDGIKS"""
12068  ,983.0380  ,1964.0614  ,1964.0578  ,1.82 ,0  ,27  ,0.07 ,1  ,""" VQHEVIELTATIDQLQK"""
9203  ,514.6007  ,1540.7802  ,1540.7807  ,-0.31 ,1  ,27  ,0.13 ,1  ,""" MKETAEAFLGTTVK + Oxidation (M)"""
10137  ,550.9709  ,1649.8909  ,1649.8889  ,1.21 ,0  ,27  ,0.064 ,1  ,""" FAAAAPAAAAAPAAAAPAAK"""
10135  ,550.9687  ,1649.8844  ,1649.8810  ,2.01 ,1  ,27  ,0.077 ,1  ,""" MYREANLVLGDIIK + Oxidation (M)"""
2286  ,473.2451  ,944.4756  ,944.4756  ,-0.03 ,0  ,27  ,0.19 ,1  ,""" GYNFGFLK"""
4776  ,580.7788  ,1159.5431  ,1159.5469  ,-3.34 ,0  ,27  ,0.093 ,1  ,""" DLTDQLGEGGR"""
2049  ,462.2439  ,922.4732  ,922.4695  ,4.12 ,0  ,27  ,0.18 ,1  ,""" YAICGAIR + Carbamidomethyl (C)"""
4656  ,575.9727  ,1724.8962  ,1724.8945  ,0.97 ,0  ,27  ,0.14 ,1  ,""" SIEVDGEHITTQIVGK"""
1915  ,456.9162  ,1367.7269  ,1367.7238  ,2.26 ,0  ,27  ,0.089 ,1  ,""" YGLLFHSSFIGK"""
2307  ,474.2349  ,1419.6828  ,1419.6855  ,-1.85 ,1  ,27  ,0.23 ,1  ,""" RGYEVEQQQQR"""
7410  ,462.5942  ,1384.7609  ,1384.7609  ,0.02 ,1  ,26  ,0.061 ,1  ,""" ILIANRGEIACR + Carbamidomethyl (C)"""
2595  ,486.7772  ,971.5399  ,971.5400  ,-0.02 ,0  ,26  ,0.054 ,1  ,""" TAQIIEAAR"""
4193  ,556.7754  ,1111.5362  ,1111.5370  ,-0.72 ,0  ,26  ,0.092 ,1  ,""" GTHGQEQVTR"""
2956  ,502.2837  ,1002.5528  ,1002.5532  ,-0.41 ,0  ,26  ,0.11 ,1  ,""" AEVIIMATR"""
10085  ,548.9706  ,1643.8901  ,1643.8896  ,0.33 ,1  ,26  ,0.072 ,1  ,""" NTIQHLIHHFEKK"""
2035  ,461.7349  ,921.4553  ,921.4556  ,-0.31 ,0  ,26  ,0.065 ,1  ,""" SDPVVSYR"""
1903  ,456.7244  ,911.4343  ,911.4349  ,-0.61 ,0  ,26  ,0.061 ,1  ,""" SFTTTAER"""
5783  ,625.3140  ,1248.6135  ,1248.6197  ,-4.99 ,1  ,26  ,0.38 ,1  ,""" SKNTLDSIDEK"""
6917  ,673.3566  ,1344.6987  ,1344.6934  ,3.98 ,2  ,26  ,0.27 ,1  ,""" KKFTELK + 2 Biotin (K)"""
4230  ,558.7555  ,1115.4964  ,1115.5012  ,-4.30 ,1  ,26  ,0.1 ,1  ,""" KTPYDSVAR + Phospho (ST)"""
9358  ,779.8972  ,1557.7799  ,1557.7774  ,1.60 ,0  ,26  ,0.17 ,1  ,""" VGATVDEGEVLVELE"""
1143  ,416.7373  ,831.4601  ,831.4603  ,-0.20 ,0  ,26  ,0.053 ,1  ,""" FVASGVPR"""
11092  ,449.4867  ,1793.9175  ,1793.9172  ,0.17 ,2  ,26  ,0.19 ,1  ,""" RSPIEHENKEWTLR"""
5692  ,414.8827  ,1241.6264  ,1241.6252  ,0.95 ,0  ,26  ,0.13 ,1  ,""" LDATVHGEVSSK"""
1159  ,417.7213  ,833.4281  ,833.4283  ,-0.21 ,0  ,26  ,0.087 ,1  ,""" LAPDQYK"""
2064  ,463.2458  ,924.4770  ,924.4777  ,-0.73 ,0  ,26  ,0.067 ,1  ,""" SLHAPSASR"""
1649  ,439.5863  ,1315.7372  ,1315.7347  ,1.87 ,1  ,26  ,0.057 ,1  ,""" KLAESITIEQGK"""
2006  ,460.2536  ,918.4927  ,918.4923  ,0.48 ,1  ,26  ,0.078 ,1  ,""" AVDPFSRK"""
6906  ,672.8859  ,1343.7573  ,1343.7548  ,1.90 ,0  ,26  ,0.099 ,1  ,""" VLSTEEIEALLK"""
6772  ,667.3152  ,1998.9237  ,1998.9283  ,-2.29 ,0  ,26  ,0.56 ,1  ,""" DHASVQIDFVDVDPETGR"""
10956  ,884.9310  ,1767.8475  ,1767.8461  ,0.78 ,0  ,26  ,0.3 ,1  ,""" IVDTMYNATNNELVR + Oxidation (M)"""
5742  ,415.9003  ,1244.6791  ,1244.6798  ,-0.62 ,1  ,26  ,0.077 ,1  ,""" KDVMEAIVNVK"""
10895  ,881.9033  ,1761.7920  ,1761.7927  ,-0.40 ,0  ,26  ,0.31 ,1  ,""" GQNCEQVNWAVGAMAK + Carbamidomethyl (C)"""
11428  ,615.3118  ,1842.9135  ,1842.9125  ,0.51 ,0  ,26  ,0.27 ,1  ,""" HIDFSLQSPYGGGRPGR"""
3688  ,535.9418  ,1604.8037  ,1604.8046  ,-0.58 ,1  ,26  ,0.21 ,1  ,""" ETLVDRADDLSFPK"""
10733  ,578.2757  ,1731.8053  ,1731.8039  ,0.80 ,0  ,25  ,0.31 ,1  ,""" TFLIWCNEEDHLR + Carbamidomethyl (C)"""
10768  ,870.9260  ,1739.8374  ,1739.8366  ,0.47 ,0  ,25  ,0.3 ,1  ,""" YAGEDAAGAAAESLFVAK"""
2840  ,497.2536  ,992.4926  ,992.4927  ,-0.03 ,0  ,25  ,0.087 ,1  ,""" EYNDLLAR"""
12369  ,676.6345  ,2026.8817  ,2026.8853  ,-1.77 ,0  ,25  ,0.43 ,1  ,""" PVISCEAPSCLGVSSSAAR + 2 Carbamidomethyl (C); Phospho (ST)"""
2004  ,460.2532  ,918.4918  ,918.4923  ,-0.57 ,1  ,25  ,0.18 ,1  ,""" KAVDPFSR"""
1281  ,424.9089  ,1271.7049  ,1271.6986  ,4.95 ,1  ,25  ,0.082 ,1  ,""" RFDGPNIINVK"""
9119  ,766.9196  ,1531.8246  ,1531.8246  ,-0.04 ,0  ,25  ,0.1 ,1  ,""" VVTFAPQNVTTEVK"""
1613  ,437.7535  ,873.4924  ,873.4920  ,0.47 ,0  ,25  ,0.08 ,1  ,""" SSQQALLK"""
1446  ,431.7372  ,861.4599  ,861.4596  ,0.30 ,1  ,25  ,0.082 ,1  ,""" KVEDFPK"""
2488  ,481.7486  ,961.4826  ,961.4828  ,-0.29 ,1  ,25  ,0.069 ,1  ,""" LSDETNKR"""
4422  ,566.8089  ,1131.6032  ,1131.6036  ,-0.33 ,0  ,25  ,0.099 ,1  ,""" LRPLDYAER"""
5522  ,614.3282  ,1226.6418  ,1226.6441  ,-1.86 ,1  ,25  ,0.27 ,1  ,""" KTIAPASASR + Biotin (K)"""
1640  ,439.2299  ,876.4452  ,876.4453  ,-0.20 ,0  ,25  ,0.23 ,1  ,""" FLEAQNR"""
6433  ,436.5578  ,1306.6516  ,1306.6517  ,-0.09 ,1  ,25  ,0.18 ,1  ,""" AIYNTPSEEKR"""
2993  ,504.2915  ,1006.5684  ,1006.5699  ,-1.44 ,0  ,25  ,0.082 ,1  ,""" VAIDIFTTK"""
2331  ,474.7790  ,947.5435  ,947.5440  ,-0.48 ,0  ,25  ,0.054 ,1  ,""" ITFLDALR"""
4535  ,571.2779  ,1140.5412  ,1140.5362  ,4.37 ,1  ,25  ,0.13 ,1  ,""" SKCIIDGLR + Carbamidomethyl (C); Phospho (ST)"""
14199  ,682.0862  ,2724.3159  ,2724.3184  ,-0.90 ,1  ,25  ,0.62 ,1  ,""" LSDEQASYLGVPVAGPYKPDHYRY"""
977  ,408.2349  ,814.4553  ,814.4549  ,0.54 ,0  ,25  ,0.066 ,1  ,""" LGGNLDVK"""
368  ,376.2085  ,750.4025  ,750.4024  ,0.10 ,0  ,25  ,0.085 ,1  ,""" YGVGSLR"""
9678  ,532.2964  ,1593.8674  ,1593.8654  ,1.28 ,1  ,25  ,0.11 ,1  ,""" EYKGIPEYELLIK"""
1125  ,415.7346  ,829.4546  ,829.4545  ,0.07 ,0  ,25  ,0.074 ,1  ,""" ALEGVDVK"""
4425  ,566.8135  ,1131.6125  ,1131.6136  ,-0.92 ,0  ,25  ,0.12 ,1  ,""" TSLSPGSGVVTK"""
13663  ,779.0882  ,2334.2426  ,2334.2406  ,0.88 ,1  ,25  ,0.16 ,1  ,""" RVFDSLNYLPNLLVGMEAVGK"""
5517  ,614.2830  ,1226.5515  ,1226.5568  ,-4.31 ,0  ,25  ,0.65 ,1  ,""" FFDVDAEQTR"""
2159  ,467.2349  ,1398.6829  ,1398.6887  ,-4.12 ,1  ,25  ,0.27 ,1  ,""" PPLKMTIDDK + Biotin (K); Oxidation (M)"""
8726  ,747.8676  ,1493.7205  ,1493.7223  ,-1.16 ,0  ,24  ,0.28 ,1  ,""" GVADGGINVPHSESR"""
6598  ,660.3247  ,1977.9521  ,1977.9523  ,-0.07 ,2  ,24  ,0.68 ,1  ,""" DKITMEDFDFLKVLGK + Phospho (ST)"""
9356  ,779.8956  ,1557.7767  ,1557.7774  ,-0.44 ,0  ,24  ,0.27 ,1  ,""" VGATVDEGEVLVELE"""
10616  ,571.9577  ,1712.8512  ,1712.8482  ,1.75 ,0  ,24  ,0.3 ,1  ,""" TADFSGNDVPLHVSVR"""
1653  ,439.7219  ,877.4293  ,877.4294  ,-0.05 ,0  ,24  ,0.11 ,1  ,""" SENPYLR"""
2365  ,476.2620  ,950.5095  ,950.5073  ,2.31 ,0  ,24  ,0.19 ,1  ,""" GATFSEIVK"""
12083  ,656.9631  ,1967.8676  ,1967.8684  ,-0.41 ,0  ,24  ,0.54 ,1  ,""" YTITDDCHTDWVSTVR + Carbamidomethyl (C)"""
1955  ,457.7876  ,913.5606  ,913.5597  ,1.06 ,0  ,24  ,0.067 ,1  ,""" QTVAVGVIK"""
12806  ,703.0519  ,2106.1339  ,2106.1321  ,0.85 ,0  ,24  ,0.15 ,1  ,""" VGGHVTGGDIIGTVDENLLIK"""
7775  ,471.5638  ,1411.6697  ,1411.6691  ,0.39 ,1  ,24  ,0.29 ,1  ,""" SSASHHSESEVKK"""
1493  ,433.5704  ,1297.6893  ,1297.6918  ,-1.93 ,1  ,24  ,0.13 ,1  ,""" KFLDGIYVSEK"""
3728  ,537.3009  ,1072.5872  ,1072.5876  ,-0.39 ,1  ,24  ,0.11 ,1  ,""" QELKSQNVK"""
3321  ,519.7825  ,1037.5505  ,1037.5506  ,-0.10 ,1  ,24  ,0.086 ,1  ,""" FRTGDITTK"""
2563  ,485.2788  ,968.5429  ,968.5403  ,2.70 ,0  ,24  ,0.12 ,1  ,""" GGGQIIPTAR"""
10114  ,824.9490  ,1647.8835  ,1647.8848  ,-0.77 ,1  ,24  ,0.15 ,1  ,""" EIITLDQLALKSPK + Phospho (ST)"""
976  ,408.2346  ,814.4547  ,814.4548  ,-0.22 ,0  ,24  ,0.081 ,1  ,""" GIIDEIR"""
14051  ,649.0919  ,2592.3385  ,2592.3404  ,-0.74 ,0  ,24  ,0.35 ,1  ,""" LQVEHPITECITGIDIVQQMLR + Carbamidomethyl (C)"""
6232  ,644.8368  ,1287.6591  ,1287.6572  ,1.49 ,0  ,24  ,0.22 ,1  ,""" LWDLNQGVSTR"""
8971  ,759.4380  ,1516.8614  ,1516.8613  ,0.08 ,0  ,24  ,0.098 ,1  ,""" VVEIAPAPALPEGVR"""
9028  ,508.5871  ,1522.7395  ,1522.7376  ,1.26 ,1  ,24  ,0.35 ,1  ,""" RVSVDDGAGSIEYR"""
3499  ,528.9768  ,1583.9084  ,1583.9069  ,0.97 ,1  ,24  ,0.054 ,1  ,""" RIPTTIGMPLTISGK"""
10915  ,588.6706  ,1762.9901  ,1762.9854  ,2.65 ,1  ,24  ,0.068 ,1  ,""" MLTRVPVLILAVIVM + Oxidation (M); Phospho (ST)"""
2761  ,493.5999  ,1477.7780  ,1477.7777  ,0.24 ,0  ,23  ,0.2 ,1  ,""" VNDTIVFNISTQK"""
1334  ,427.2063  ,852.3981  ,852.3977  ,0.41 ,0  ,23  ,0.1 ,1  ,""" VYEGETR"""
1440  ,431.2570  ,860.4994  ,860.5007  ,-1.59 ,0  ,23  ,0.1 ,1  ,""" YLIPDLK"""
825  ,401.2274  ,1200.6603  ,1200.6649  ,-3.77 ,0  ,23  ,0.21 ,1  ,""" VQNGVICSLLR"""
2446  ,479.7879  ,957.5612  ,957.5607  ,0.57 ,1  ,23  ,0.11 ,1  ,""" NLIVSKER"""
5259  ,603.3129  ,1204.6112  ,1204.6135  ,-1.89 ,3  ,23  ,0.58 ,1  ,""" KDYNKRR + Biotin (K)"""
789  ,399.2351  ,1194.6836  ,1194.6833  ,0.27 ,1  ,23  ,0.078 ,1  ,""" RLTAHELSLR"""
672  ,394.7110  ,787.4074  ,787.4076  ,-0.20 ,0  ,23  ,0.094 ,1  ,""" EVELGNK"""
9726  ,801.4131  ,2401.2174  ,2401.2271  ,-4.03 ,1  ,23  ,0.84 ,1  ,""" QGGLTSNLERIAEQIATVCATLG + Carbamidomethyl (C)"""
3052  ,507.2847  ,1518.8322  ,1518.8341  ,-1.24 ,0  ,23  ,0.18 ,1  ,""" IAMIQSRPVTFTR"""
3098  ,508.5989  ,1522.7748  ,1522.7740  ,0.56 ,1  ,23  ,0.32 ,1  ,""" IQDKEGIPPDQQR"""
12353  ,674.3085  ,2019.9037  ,2019.9125  ,-4.37 ,2  ,23  ,0.78 ,1  ,""" SFASAGGYMGGSKKVIDHI + Oxidation (M); Phospho (ST)"""
1952  ,457.7274  ,913.4402  ,913.4440  ,-4.14 ,0  ,23  ,0.11 ,1  ,""" HEAAMALR + Oxidation (M)"""
11644  ,470.7524  ,1878.9804  ,1878.9799  ,0.26 ,0  ,23  ,0.3 ,1  ,""" VDGRPGENAKPVDLDAVK"""
7902  ,711.3287  ,2130.9642  ,2130.9551  ,4.27 ,3  ,23  ,1.2 ,1  ,""" KDRSQISQMQRSCNEIL + Oxidation (M); Phospho (ST)"""
2439  ,479.2853  ,956.5561  ,956.5543  ,1.89 ,0  ,23  ,0.12 ,1  ,""" VVEGLDVVK"""
13763  ,598.8273  ,2391.2801  ,2391.2757  ,1.82 ,2  ,23  ,0.23 ,1  ,""" RKELVEVINQAEGIIHDTEAK"""
3364  ,523.2857  ,1044.5568  ,1044.5563  ,0.47 ,0  ,23  ,0.14 ,1  ,""" LSNIELNSR"""
11746  ,950.4781  ,2848.4124  ,2848.4099  ,0.90 ,3  ,23  ,1.4 ,1  ,""" RTLDVAEYAIEKGVRIMVDAEQT + Biotin (K); Oxidation (M)"""
5364  ,608.2921  ,1214.5695  ,1214.5730  ,-2.85 ,1  ,23  ,0.91 ,1  ,""" STTPKMTTLR + Phospho (ST)"""
4260  ,560.2962  ,1118.5778  ,1118.5754  ,2.19 ,0  ,23  ,0.53 ,1  ,""" GQETVIGMIR + Oxidation (M)"""
12770  ,1051.5044  ,3151.4914  ,3151.4810  ,3.29 ,2  ,23  ,2.3 ,1  ,""" LTFSGAKTNAENQVTKEMIGMLER + 2 Biotin (K); 2 Oxidation (M)"""
3920  ,545.2935  ,1088.5725  ,1088.5727  ,-0.16 ,0  ,23  ,0.21 ,1  ,""" NRPVEFTAR"""
5664  ,620.8262  ,1239.6378  ,1239.6387  ,-0.74 ,0  ,23  ,0.22 ,1  ,""" LVDDLVYEFK"""
11604  ,625.6504  ,1873.9295  ,1873.9269  ,1.39 ,1  ,23  ,0.53 ,1  ,""" AKLEQTLDDLEDSLER"""
7325  ,690.3505  ,1378.6864  ,1378.6881  ,-1.24 ,0  ,23  ,0.92 ,1  ,""" ILYENPQFAER"""
4005  ,548.3070  ,1641.8990  ,1641.9012  ,-1.30 ,0  ,23  ,0.25 ,1  ,""" VDLSTVVLSPMPGAIK + Oxidation (M)"""
2577  ,486.2583  ,970.5021  ,970.5018  ,0.29 ,0  ,23  ,0.12 ,1  ,""" ICPAGLQGR + Carbamidomethyl (C)"""
4995  ,590.3043  ,1178.5940  ,1178.5965  ,-2.12 ,1  ,23  ,0.29 ,1  ,""" EVELTGMRTK + Oxidation (M)"""
828  ,401.2380  ,800.4615  ,800.4616  ,-0.14 ,3  ,23  ,0.18 ,1  ,""" KEAARRA"""
1457  ,432.2405  ,862.4665  ,862.4695  ,-3.39 ,1  ,22  ,0.3 ,1  ,""" KLSSICR + Carbamidomethyl (C)"""
10988  ,888.4627  ,1774.9107  ,1774.9077  ,1.74 ,0  ,22  ,0.92 ,1  ,""" ISFVHSVQVPVACVAY + Carbamidomethyl (C)"""
11284  ,911.9415  ,1821.8685  ,1821.8632  ,2.88 ,0  ,22  ,0.64 ,1  ,""" LYVADQQLVDAADETTA"""
7482  ,464.2520  ,1389.7340  ,1389.7326  ,1.00 ,0  ,22  ,0.24 ,1  ,""" VHMVAIDIFTTK + Oxidation (M)"""
4906  ,586.3372  ,1170.6598  ,1170.6608  ,-0.92 ,0  ,22  ,0.13 ,1  ,""" VVSQGDNIVLK"""
6685  ,442.9102  ,1325.7087  ,1325.7092  ,-0.36 ,1  ,22  ,0.2 ,1  ,""" YKTGATQPVPHK"""
11762  ,635.2880  ,1902.8422  ,1902.8340  ,4.35 ,0  ,22  ,0.79 ,1  ,""" GLSTPGGVSDMYGVAMSDK + 2 Oxidation (M)"""
2881  ,499.7469  ,997.4792  ,997.4790  ,0.21 ,0  ,22  ,0.13 ,1  ,""" DLTDYLMK"""
2713  ,491.7203  ,981.4261  ,981.4226  ,3.60 ,0  ,22  ,0.14 ,1  ,""" SFCNNIPST"""
568  ,387.2009  ,1158.5810  ,1158.5782  ,2.41 ,1  ,22  ,0.26 ,1  ,""" PAKGFQPDSGR"""
4411  ,566.3146  ,1130.6147  ,1130.6117  ,2.64 ,1  ,22  ,0.19 ,1  ,""" IAKECDALIR"""
1010  ,410.2396  ,818.4646  ,818.4650  ,-0.53 ,0  ,22  ,0.11 ,1  ,""" VVIDAFR"""
9522  ,788.3588  ,1574.7031  ,1574.7109  ,-4.94 ,0  ,22  ,1.8 ,1  ,""" QLYAPFECATTMK + Carbamidomethyl (C); Oxidation (M)"""
3106  ,508.7903  ,1015.5661  ,1015.5662  ,-0.12 ,0  ,22  ,0.16 ,1  ,""" VSLNVNATAK"""
9326  ,518.9544  ,1553.8415  ,1553.8413  ,0.15 ,1  ,22  ,0.21 ,1  ,""" AKEEQAVVSLGPQAK"""
3362  ,523.2855  ,1044.5564  ,1044.5563  ,0.07 ,0  ,22  ,0.16 ,1  ,""" LSNIELNSR"""
7022  ,677.6791  ,2030.0156  ,2030.0143  ,0.66 ,1  ,22  ,0.69 ,1  ,""" IVMHIKEDQIDFLEER + Oxidation (M)"""
6011  ,634.9992  ,1901.9758  ,1901.9768  ,-0.51 ,2  ,22  ,0.45 ,1  ,""" KNIDVMKEAEEAAVEVK"""
12134  ,990.4492  ,2968.3257  ,2968.3338  ,-2.74 ,0  ,22  ,2.8 ,1  ,""" PGYDIDATPWDSHYQIGPDTYLMAAR + Oxidation (M)"""
584  ,387.7397  ,773.4648  ,773.4647  ,0.10 ,1  ,22  ,0.079 ,1  ,""" KLEGTVK"""
10103  ,824.4802  ,1646.9459  ,1646.9508  ,-2.98 ,0  ,22  ,0.09 ,1  ,""" PIPYIPAGAKPPTGLR"""
3069  ,507.7720  ,1013.5294  ,1013.5328  ,-3.32 ,1  ,22  ,0.19 ,1  ,""" TVGLDKR + Biotin (K)"""
264  ,367.2239  ,1098.6498  ,1098.6509  ,-1.03 ,1  ,22  ,0.074 ,1  ,""" TIGIAVDVRR"""
2191  ,468.7490  ,935.4835  ,935.4825  ,1.07 ,1  ,22  ,0.13 ,1  ,""" VEGGSGKFR"""
9928  ,814.3790  ,1626.7434  ,1626.7460  ,-1.63 ,0  ,22  ,2 ,1  ,""" TSVYCLPSSNSWAR + Carbamidomethyl (C)"""
11127  ,600.6385  ,1798.8935  ,1798.9012  ,-4.27 ,2  ,22  ,0.57 ,1  ,""" TLKERLVEMTGLSAR + Oxidation (M); Phospho (ST)"""
13182  ,546.4962  ,2181.9556  ,2181.9531  ,1.14 ,1  ,22  ,1.1 ,1  ,""" TVHAVTATQKTVDGPSGK + Biotin (K); 2 Phospho (ST)"""
3007  ,505.2510  ,1008.4875  ,1008.4876  ,-0.12 ,0  ,22  ,0.21 ,1  ,""" YTLGDQANK"""
1207  ,421.7585  ,841.5025  ,841.5022  ,0.38 ,0  ,22  ,0.078 ,1  ,""" ASLTVVPR"""
12461  ,1018.5177  ,2035.0208  ,2035.0140  ,3.38 ,1  ,22  ,1.6 ,1  ,""" LGGTSGGVSRLLPPVNFTSP + Phospho (ST)"""
6518  ,656.3580  ,1966.0523  ,1966.0483  ,1.99 ,0  ,22  ,0.48 ,1  ,""" VNSSSQVAVAATHSLSPALK"""
1860  ,453.7396  ,905.4646  ,905.4640  ,0.61 ,1  ,22  ,0.19 ,1  ,""" LEKMTER"""
8764  ,750.0156  ,2247.0251  ,2247.0289  ,-1.73 ,1  ,22  ,1.2 ,1  ,""" SACNSPQRVSPNCAPITIPR + Carbamidomethyl (C); Phospho (ST)"""
8938  ,757.9045  ,1513.7944  ,1513.7988  ,-2.89 ,0  ,22  ,0.39 ,1  ,""" LTAGASPISDVDLQK"""
1454  ,432.2038  ,862.3931  ,862.3933  ,-0.29 ,0  ,22  ,0.14 ,1  ,""" GFQPDSGR"""
1206  ,421.7585  ,841.5025  ,841.5022  ,0.38 ,0  ,22  ,0.08 ,1  ,""" ASLTVVPR"""
1369  ,428.5734  ,1282.6985  ,1282.6993  ,-0.69 ,1  ,22  ,0.2 ,1  ,""" TKTPGPGAQSALR"""
4409  ,566.2987  ,1130.5828  ,1130.5819  ,0.79 ,0  ,22  ,0.27 ,1  ,""" LEDEQALVSK"""
4666  ,576.3212  ,1725.9417  ,1725.9382  ,2.02 ,2  ,22  ,0.35 ,1  ,""" AVLEKMGVVRNLR + Biotin (K); Oxidation (M)"""
7857  ,709.3347  ,1416.6548  ,1416.6555  ,-0.51 ,0  ,22  ,1.6 ,1  ,""" ADEAVCVGEAPTAK + Carbamidomethyl (C)"""
986  ,408.7148  ,815.4150  ,815.4137  ,1.57 ,0  ,22  ,0.11 ,1  ,""" IQAVDDR"""
9140  ,512.2473  ,1533.7199  ,1533.7206  ,-0.41 ,2  ,22  ,0.58 ,1  ,""" RGSVCSDSKQDPAK + Carbamidomethyl (C)"""
5504  ,409.2229  ,1224.6468  ,1224.6462  ,0.45 ,0  ,22  ,0.2 ,1  ,""" IHSQEITELR"""
6984  ,676.6351  ,2026.8836  ,2026.8853  ,-0.86 ,0  ,22  ,1.1 ,1  ,""" PVISCEAPSCLGVSSSAAR + 2 Carbamidomethyl (C); Phospho (ST)"""
2769  ,493.7669  ,985.5193  ,985.5192  ,0.09 ,0  ,22  ,0.12 ,1  ,""" VIENAEGVR"""
8686  ,744.8970  ,1487.7794  ,1487.7806  ,-0.82 ,1  ,22  ,0.41 ,1  ,""" YEIGVARVEVK + Biotin (K)"""
8373  ,731.0014  ,2189.9824  ,2189.9834  ,-0.45 ,2  ,22  ,1.2 ,1  ,""" RSAPNGEDGCYVDLGKGNL + Biotin (K)"""
9675  ,797.4101  ,1592.8056  ,1592.8109  ,-3.31 ,3  ,22  ,1.2 ,1  ,""" KRTIISLQGGKS + Biotin (K); Phospho (ST)"""
679  ,394.7354  ,787.4562  ,787.4552  ,1.28 ,0  ,21  ,0.14 ,1  ,""" TAVLTAGR"""
3355  ,523.2482  ,1044.4819  ,1044.4811  ,0.76 ,0  ,21  ,0.9 ,1  ,""" HWGGGVMSAK + Oxidation (M)"""
6729  ,665.3809  ,1328.7472  ,1328.7412  ,4.58 ,3  ,21  ,0.17 ,1  ,""" KARLELLSRED"""
2063  ,463.2358  ,924.4570  ,924.4566  ,0.43 ,0  ,21  ,0.17 ,1  ,""" HHEYLAR"""
11622  ,939.4439  ,1876.8731  ,1876.8737  ,-0.32 ,0  ,21  ,2.8 ,1  ,""" QMAQQPPTLQQSAYDR + Oxidation (M)"""
872  ,403.2504  ,804.4862  ,804.4858  ,0.58 ,0  ,21  ,0.066 ,1  ,""" GVTIFIR"""
8590  ,741.6856  ,2222.0350  ,2222.0401  ,-2.29 ,0  ,21  ,1.3 ,1  ,""" AAPLQFLAPYSGCAMGEHFR + Carbamidomethyl (C)"""
4724  ,386.5341  ,1156.5805  ,1156.5811  ,-0.53 ,1  ,21  ,0.27 ,1  ,""" KHWGGGVMSAK"""
7162  ,683.3630  ,1364.7115  ,1364.7088  ,1.96 ,0  ,21  ,0.81 ,1  ,""" DQIFDQLFALR"""
1041  ,412.2010  ,822.3874  ,822.3872  ,0.23 ,0  ,21  ,0.18 ,1  ,""" IGEDSFR"""
8082  ,719.3430  ,1436.6715  ,1436.6741  ,-1.84 ,0  ,21  ,1.7 ,1  ,""" FVVFFVASGAGEK + Phospho (ST)"""
9345  ,519.9097  ,1556.7073  ,1556.7076  ,-0.17 ,0  ,21  ,0.65 ,1  ,""" SRPGCMITDTTFR + Carbamidomethyl (C); Oxidation (M)"""
2441  ,479.7461  ,957.4776  ,957.4767  ,0.95 ,0  ,21  ,0.17 ,1  ,""" LSPEDIER"""
11122  ,900.4083  ,1798.8021  ,1798.7994  ,1.49 ,2  ,21  ,0.9 ,1  ,""" KSERLSLHMLEMTE + Oxidation (M); Phospho (ST)"""
1025  ,411.2226  ,820.4305  ,820.4299  ,0.79 ,0  ,21  ,0.13 ,1  ,""" TILMMGR"""
7769  ,706.3655  ,1410.7164  ,1410.7177  ,-0.89 ,1  ,21  ,1.1 ,1  ,""" MYEGTALIKNSGK"""
10596  ,856.4692  ,2566.3857  ,2566.3913  ,-2.18 ,3  ,21  ,0.54 ,1  ,""" LRRTLALGALAVLLKYIHETR + 2 Phospho (ST)"""
979  ,408.2400  ,814.4655  ,814.4661  ,-0.75 ,1  ,21  ,0.23 ,1  ,""" GDGAKLVR"""
1337  ,427.2248  ,852.4351  ,852.4341  ,1.13 ,0  ,21  ,0.57 ,1  ,""" ITTFESR"""
9353  ,779.7447  ,2336.2124  ,2336.2052  ,3.07 ,0  ,21  ,0.68 ,1  ,""" TTSNVFEYLQLLGLPTHFEK"""
8435  ,489.6059  ,1465.7959  ,1465.7963  ,-0.26 ,1  ,21  ,0.24 ,1  ,""" TVTAMDVVYALKR"""
6308  ,648.3170  ,1294.6194  ,1294.6162  ,2.45 ,1  ,21  ,1.5 ,1  ,""" DRPFKCEICGK"""
6596  ,660.3023  ,1977.8851  ,1977.8785  ,3.35 ,0  ,21  ,1.6 ,1  ,""" VPSVPPVVPATSAGCPQR + Carbamidomethyl (C); 2 Phospho (ST)"""
5376  ,608.8434  ,1215.6722  ,1215.6724  ,-0.12 ,0  ,21  ,0.18 ,1  ,""" GAYGKPQGLVAR"""
2265  ,472.2824  ,942.5501  ,942.5498  ,0.36 ,1  ,21  ,0.15 ,1  ,""" KENVINVK"""
5423  ,610.8161  ,1219.6176  ,1219.6197  ,-1.66 ,0  ,21  ,0.38 ,1  ,""" QEALDNYVIR"""
1272  ,424.2301  ,846.4457  ,846.4447  ,1.22 ,0  ,21  ,0.44 ,1  ,""" SELETLR"""
12667  ,696.3176  ,2085.9309  ,2085.9309  ,-0.03 ,0  ,21  ,1.3 ,1  ,""" TQWIDFLWAQENAAASR + Phospho (ST)"""
4018  ,548.9609  ,1643.8610  ,1643.8671  ,-3.73 ,0  ,21  ,0.39 ,1  ,""" LTYFDIHGLAEPIR"""
2086  ,464.2579  ,926.5012  ,926.5008  ,0.46 ,0  ,21  ,0.094 ,1  ,""" VIAHTQMK"""
1589  ,436.8914  ,1307.6523  ,1307.6544  ,-1.54 ,0  ,21  ,0.47 ,1  ,""" YVLEICDQLR + Carbamidomethyl (C)"""
10089  ,823.3844  ,2467.1314  ,2467.1332  ,-0.74 ,2  ,21  ,2.5 ,1  ,""" NAAAAGTPPKQAMQGASREQGNA + Biotin (K); Oxidation (M)"""
3563  ,530.8036  ,1059.5926  ,1059.5924  ,0.24 ,2  ,21  ,0.19 ,1  ,""" AAGKKEEVTK"""
1305  ,425.7371  ,849.4597  ,849.4596  ,0.12 ,0  ,21  ,0.19 ,1  ,""" AVFSLGEK"""
12101  ,658.6898  ,1973.0476  ,1973.0469  ,0.34 ,1  ,21  ,0.39 ,1  ,""" AIEIEQKVEQLEEIFR"""
5557  ,615.9878  ,1844.9417  ,1844.9397  ,1.10 ,2  ,21  ,0.64 ,1  ,""" KGPGSPPSEITLVAEKR + Phospho (ST)"""
4078  ,552.2691  ,1102.5237  ,1102.5255  ,-1.56 ,0  ,21  ,0.35 ,1  ,""" DLDQETLNR"""
12477  ,1021.4752  ,2040.9358  ,2040.9373  ,-0.73 ,2  ,21  ,3.9 ,1  ,""" LCLNKDLTIRDCPTDGK + Carbamidomethyl (C); Phospho (ST)"""
5216  ,601.3242  ,1200.6339  ,1200.6349  ,-0.88 ,1  ,21  ,0.35 ,1  ,""" IKEAAEAEAAAK"""
10687  ,862.3737  ,2584.0992  ,2584.0868  ,4.77 ,3  ,21  ,2.8 ,1  ,""" QRLSIDSLGELLNCGKKST + Biotin (K); Carbamidomethyl (C); 3 Phospho (ST)"""
1175  ,420.1893  ,838.3640  ,838.3677  ,-4.46 ,0  ,21  ,0.1 ,1  ,""" TAMDMVR + Oxidation (M)"""
5467  ,408.2195  ,1221.6367  ,1221.6396  ,-2.37 ,2  ,21  ,0.29 ,1  ,""" KMVKMIPTCR + Oxidation (M)"""
811  ,400.2554  ,798.4963  ,798.4963  ,-0.07 ,0  ,21  ,0.079 ,1  ,""" VIVLEAR"""
2266  ,472.2826  ,942.5507  ,942.5498  ,0.88 ,0  ,21  ,0.17 ,1  ,""" TIGIAVDVR"""
5888  ,629.3397  ,1256.6649  ,1256.6699  ,-4.02 ,2  ,21  ,0.83 ,1  ,""" GAPFRVKEK + Biotin (K)"""
5159  ,598.8169  ,1195.6192  ,1195.6197  ,-0.39 ,1  ,21  ,0.26 ,1  ,""" PGVPLDEREGK"""
1614  ,437.7537  ,873.4928  ,873.4960  ,-3.64 ,1  ,20  ,0.24 ,1  ,""" KIQEFPI"""
1707  ,442.2666  ,882.5186  ,882.5175  ,1.31 ,0  ,20  ,0.055 ,1  ,""" VLPEQAVK"""
3620  ,532.8215  ,1063.6285  ,1063.6277  ,0.72 ,0  ,20  ,0.13 ,1  ,""" TLVIQYTVK"""
4934  ,588.2938  ,1761.8595  ,1761.8508  ,4.89 ,1  ,20  ,1.3 ,1  ,""" KPFVDLDYARHMPSA + Oxidation (M)"""
6867  ,670.9590  ,2009.8551  ,2009.8625  ,-3.68 ,1  ,20  ,1.2 ,1  ,""" TLAPRTLESEIGGISAR + 3 Phospho (ST)"""
5354  ,607.3290  ,1818.9651  ,1818.9597  ,3.00 ,3  ,20  ,0.69 ,1  ,""" FAKMVQKRSQQVK + Biotin (K); Oxidation (M)"""
9190  ,770.9195  ,1539.8245  ,1539.8257  ,-0.74 ,1  ,20  ,0.32 ,1  ,""" LGKLDATVHGEVSSK"""
14427  ,1025.8522  ,3074.5348  ,3074.5309  ,1.26 ,0  ,20  ,1.4 ,1  ,""" THTQDAVPLTLGQEFSAYVTQLDNSIAR"""
1849  ,452.7663  ,903.5181  ,903.5178  ,0.39 ,0  ,20  ,0.16 ,1  ,""" YKPIDLR"""
2724  ,492.2230  ,1473.6472  ,1473.6452  ,1.41 ,3  ,20  ,0.89 ,1  ,""" QKSPSKKSAK + Biotin (K); 2 Phospho (ST)"""
885  ,404.2034  ,806.3922  ,806.3956  ,-4.29 ,0  ,20  ,0.18 ,1  ,""" GLISDMR + Oxidation (M)"""
6873  ,671.2979  ,2010.8719  ,2010.8718  ,0.08 ,2  ,20  ,1.9 ,1  ,""" STKSADSYQKLMDSQAR + Oxidation (M); Phospho (ST)"""
8823  ,752.3870  ,1502.7594  ,1502.7617  ,-1.52 ,0  ,20  ,1.5 ,1  ,""" AIFDNITDPELAGK"""
12699  ,1046.5212  ,3136.5418  ,3136.5507  ,-2.84 ,2  ,20  ,2.8 ,1  ,""" CLIGFSVYTTLISGIVSKSKYGMIGAIR + Phospho (ST); Phospho (Y)"""
3774  ,538.7775  ,1075.5404  ,1075.5410  ,-0.60 ,0  ,20  ,0.41 ,1  ,""" ANQFLNQNK"""
4412  ,566.3243  ,1130.6340  ,1130.6336  ,0.41 ,0  ,20  ,0.23 ,1  ,""" FEPGQTLIVK"""
11761  ,635.2878  ,1902.8416  ,1902.8340  ,4.00 ,0  ,20  ,1.3 ,1  ,""" GLSTPGGVSDMYGVAMSDK + 2 Oxidation (M)"""
14118  ,1330.6880  ,3989.0422  ,3989.0577  ,-3.89 ,3  ,20  ,1.8 ,1  ,""" GIRELDMIGHTVKMLAGCPVTTFTEQIIVDISRFAA + Carbamidomethyl (C)"""
12200  ,664.3050  ,1989.8931  ,1989.9028  ,-4.88 ,2  ,20  ,1.4 ,1  ,""" FLLMKCYFVSCRTAR + Carbamidomethyl (C); Oxidation (M); Phospho (ST)"""
5072  ,595.8165  ,1189.6185  ,1189.6190  ,-0.45 ,1  ,20  ,0.37 ,1  ,""" SDGKVVSEIEK"""
448  ,380.2167  ,758.4189  ,758.4174  ,1.99 ,0  ,20  ,0.31 ,1  ,""" GDLVDIK"""
2057  ,462.6171  ,1384.8296  ,1384.8289  ,0.48 ,3  ,20  ,0.057 ,1  ,""" KKIEAEVEALKK"""
6830  ,669.9966  ,2006.9679  ,2006.9707  ,-1.37 ,1  ,20  ,1.2 ,1  ,""" TCHKFPTGFMDVVAIER + Carbamidomethyl (C)"""
1595  ,437.2526  ,872.4907  ,872.4902  ,0.54 ,0  ,20  ,0.3 ,1  ,""" VVVCAAVR + Carbamidomethyl (C)"""
9788  ,536.6426  ,1606.9061  ,1606.9043  ,1.15 ,0  ,20  ,0.13 ,1  ,""" AAVEEGIVPGGGVALLR"""
10413  ,843.1090  ,2526.3050  ,2526.3112  ,-2.45 ,0  ,20  ,0.78 ,1  ,""" AQVQVVAGTNTVLEVLVGESTCPR + Carbamidomethyl (C)"""
2059  ,462.7814  ,923.5482  ,923.5480  ,0.15 ,0  ,20  ,0.05 ,1  ,""" VVVIGYFK"""
1963  ,458.2395  ,1371.6967  ,1371.6922  ,3.27 ,1  ,20  ,0.68 ,1  ,""" DKTVVLYDYEK"""
3951  ,546.2895  ,1090.5645  ,1090.5593  ,4.77 ,2  ,20  ,0.95 ,1  ,""" WGCRDLLKT"""
1214  ,422.2219  ,842.4292  ,842.4286  ,0.64 ,0  ,20  ,0.12 ,1  ,""" LTFSYGR"""
1900  ,456.5865  ,1366.7376  ,1366.7357  ,1.34 ,0  ,20  ,0.3 ,1  ,""" LYRPGSVAYVSR"""
4132  ,553.9694  ,1658.8864  ,1658.8879  ,-0.88 ,0  ,20  ,0.41 ,1  ,""" IINEPTAAAIAYGLDK"""
6032  ,635.9664  ,1904.8775  ,1904.8829  ,-2.83 ,1  ,20  ,1.3 ,1  ,""" SRATSGWNKPRPSR + Biotin (K); Phospho (ST)"""
8635  ,743.4334  ,1484.8523  ,1484.8480  ,2.90 ,2  ,20  ,0.22 ,1  ,""" LQTLRKLIPNIP + Phospho (ST)"""
2259  ,472.2637  ,942.5128  ,942.5134  ,-0.62 ,0  ,20  ,0.54 ,1  ,""" GEQAVQLAK"""
3312  ,517.3113  ,1032.6080  ,1032.6080  ,0.00 ,1  ,20  ,0.086 ,1  ,""" NTFAAKLLR"""
1786  ,450.2344  ,898.4542  ,898.4548  ,-0.69 ,0  ,20  ,0.25 ,1  ,""" FISQNYK"""
3733  ,537.7697  ,1073.5249  ,1073.5240  ,0.78 ,0  ,20  ,0.46 ,1  ,""" EAEEAAVEVK"""
732  ,397.2080  ,1188.6023  ,1188.5977  ,3.82 ,1  ,20  ,0.71 ,1  ,""" SMILFLNKK + Oxidation (M); Phospho (ST)"""
8318  ,729.4259  ,1456.8373  ,1456.8323  ,3.43 ,0  ,20  ,0.13 ,1  ,""" TVLIMELINNVAK"""
7079  ,453.5721  ,1357.6945  ,1357.6949  ,-0.35 ,1  ,20  ,0.54 ,1  ,""" LNSEREEVLNR"""
4387  ,565.2941  ,1128.5736  ,1128.5710  ,2.33 ,2  ,20  ,1.1 ,1  ,""" IREERCGPL + Carbamidomethyl (C)"""
5080  ,596.3225  ,1190.6305  ,1190.6295  ,0.82 ,1  ,20  ,0.33 ,1  ,""" SILFGDLRAAE"""
1186  ,420.5630  ,1258.6671  ,1258.6656  ,1.19 ,0  ,20  ,0.31 ,1  ,""" DILSTLTALDTP"""
1582  ,436.7293  ,871.4441  ,871.4439  ,0.15 ,0  ,20  ,0.15 ,1  ,""" YITANYK"""
1646  ,439.2608  ,876.5070  ,876.5069  ,0.19 ,0  ,20  ,0.14 ,1  ,""" IFIESIR"""
2597  ,486.7953  ,971.5760  ,971.5764  ,-0.33 ,1  ,20  ,0.18 ,1  ,""" SVTPKATLR"""
12314  ,1007.4805  ,2012.9464  ,2012.9383  ,4.06 ,3  ,20  ,4.3 ,1  ,""" CEGCKGFFKRSVQNK + Biotin (K); Carbamidomethyl (C)"""
259  ,367.1794  ,732.3443  ,732.3476  ,-4.54 ,0  ,20  ,0.083 ,1  ,""" AASMAGIP + Oxidation (M)"""
9244  ,773.4085  ,1544.8023  ,1544.8046  ,-1.45 ,0  ,20  ,1.4 ,1  ,""" VNQIGSVTESIEAAK"""
9826  ,538.6385  ,1612.8938  ,1612.8923  ,0.90 ,0  ,20  ,0.27 ,1  ,""" LQSEVEVLIVDLEK"""
2495  ,482.2158  ,1443.6257  ,1443.6275  ,-1.23 ,0  ,20  ,1 ,1  ,""" PSCALCFQFESR + Carbamidomethyl (C)"""
3396  ,523.8035  ,1045.5924  ,1045.5920  ,0.36 ,0  ,20  ,0.23 ,1  ,""" VYLPSIAQR"""
10039  ,820.3701  ,1638.7256  ,1638.7274  ,-1.12 ,0  ,20  ,3.4 ,1  ,""" WVAIGDENYGEGSSR"""
1304  ,425.7345  ,849.4544  ,849.4556  ,-1.38 ,0  ,20  ,0.055 ,1  ,""" STTLSVSR"""
5193  ,600.3361  ,1198.6577  ,1198.6604  ,-2.30 ,3  ,20  ,0.56 ,1  ,""" NKRMRSVVPP + Oxidation (M)"""
1612  ,437.7534  ,873.4922  ,873.4920  ,0.31 ,1  ,20  ,0.27 ,1  ,""" IEGNVKSK"""
2604  ,487.2689  ,972.5232  ,972.5240  ,-0.81 ,0  ,20  ,0.23 ,1  ,""" IEIENSIR"""
5568  ,616.6764  ,1847.0073  ,1847.0015  ,3.15 ,0  ,20  ,0.39 ,1  ,""" IPWSQGTICFLVAATIK"""
2116  ,465.7596  ,929.5046  ,929.5043  ,0.36 ,1  ,20  ,0.27 ,1  ,""" SGDRGVIAR"""
4215  ,557.9566  ,1670.8480  ,1670.8515  ,-2.14 ,0  ,20  ,0.8 ,1  ,""" IEDHNTLVFIVDEK"""
2299  ,473.7517  ,945.4889  ,945.4879  ,1.06 ,1  ,20  ,0.25 ,1  ,""" GAVSEAEKR"""
8526  ,492.5818  ,1474.7234  ,1474.7277  ,-2.88 ,1  ,20  ,0.72 ,1  ,""" DAYHRSLGVSGASR"""
510  ,383.2165  ,764.4184  ,764.4181  ,0.38 ,0  ,20  ,0.051 ,1  ,""" FATLASR"""
5709  ,622.3554  ,1242.6963  ,1242.6972  ,-0.75 ,0  ,20  ,0.47 ,1  ,""" QENITIIWVK"""
13504  ,756.6652  ,2266.9737  ,2266.9833  ,-4.23 ,1  ,20  ,2 ,1  ,""" VPRPKGTMCHCGVGESTCLR + Carbamidomethyl (C); Phospho (ST)"""
1873  ,454.2663  ,906.5181  ,906.5174  ,0.71 ,0  ,20  ,0.13 ,1  ,""" NLLSVAYK"""
2912  ,501.2723  ,1000.5300  ,1000.5301  ,-0.17 ,1  ,19  ,0.28 ,1  ,""" AQNQATKIQ"""
13736  ,595.0307  ,2376.0937  ,2376.0911  ,1.07 ,1  ,19  ,2.3 ,1  ,""" LPSPLQITLPDKMMDNLFK + Oxidation (M); 2 Phospho (ST)"""
12085  ,657.0033  ,1967.9881  ,1967.9927  ,-2.37 ,2  ,19  ,1.1 ,1  ,""" GKLMNVGYDVASRLYPW"""
3827  ,540.7606  ,1079.5066  ,1079.5070  ,-0.38 ,1  ,19  ,0.56 ,1  ,""" HGDDIGKL + Biotin (K)"""
2325  ,474.7444  ,947.4742  ,947.4746  ,-0.39 ,1  ,19  ,0.31 ,1  ,""" LAAKEGCEK"""
837  ,401.7246  ,801.4345  ,801.4344  ,0.12 ,0  ,19  ,0.25 ,1  ,""" QEAVSLR"""
662  ,394.2372  ,786.4599  ,786.4599  ,-0.08 ,0  ,19  ,0.23 ,1  ,""" QSAILQK"""
1960  ,458.2214  ,914.4283  ,914.4286  ,-0.34 ,0  ,19  ,0.33 ,1  ,""" FYSNWAK"""
3575  ,531.2779  ,1060.5412  ,1060.5414  ,-0.13 ,0  ,19  ,1.2 ,1  ,""" NRPAEFTAR"""
13345  ,1108.9974  ,2215.9802  ,2215.9894  ,-4.13 ,1  ,19  ,2.1 ,1  ,""" QGDYIECKSIIGEIQSK + Biotin (K); Phospho (ST)"""
6878  ,671.3413  ,1340.6681  ,1340.6748  ,-4.97 ,3  ,19  ,0.64 ,1  ,""" MRTKLDGRIR + Oxidation (M); Phospho (ST)"""
1816  ,450.7618  ,899.5090  ,899.5076  ,1.59 ,0  ,19  ,0.21 ,1  ,""" VADLINQK"""
5987  ,633.6554  ,1897.9444  ,1897.9390  ,2.82 ,1  ,19  ,1.2 ,1  ,""" IKCSQLGTDGFVSQIMR + Oxidation (M)"""
9300  ,776.3676  ,2326.0810  ,2326.0923  ,-4.84 ,1  ,19  ,3.2 ,1  ,""" MAALKSQQGAQQLQAAVNSMR + Oxidation (M); Phospho (ST)"""
11247  ,908.7529  ,2723.2368  ,2723.2402  ,-1.27 ,1  ,19  ,3.2 ,1  ,""" LIKTCCMCILGWTSGFWVCSTK + 4 Carbamidomethyl (C); Oxidation (M)"""
2596  ,486.7948  ,971.5750  ,971.5763  ,-1.33 ,1  ,19  ,0.22 ,1  ,""" SKLENLLR"""
8295  ,728.8550  ,1455.6954  ,1455.6994  ,-2.74 ,2  ,19  ,0.85 ,1  ,""" YNATNFLEKNKD"""
785  ,399.2128  ,1194.6165  ,1194.6132  ,2.74 ,1  ,19  ,0.61 ,1  ,""" TDLSEIKFDK"""
8702  ,746.0483  ,2235.1230  ,2235.1218  ,0.52 ,1  ,19  ,1.2 ,1  ,""" HANLRSGTVLVNESWQAK + Biotin (K)"""
7812  ,707.8796  ,1413.7447  ,1413.7464  ,-1.15 ,0  ,19  ,0.62 ,1  ,""" SDTVVASAAVQAPAK"""
12738  ,1049.4868  ,2096.9590  ,2096.9489  ,4.82 ,2  ,19  ,5.6 ,1  ,""" KKAMADYDQLTTVYAGDK + Phospho (Y)"""
6179  ,642.2962  ,1282.5779  ,1282.5836  ,-4.46 ,1  ,19  ,0.72 ,1  ,""" SLESHMRDHR + Oxidation (M)"""
11879  ,963.9381  ,1925.8617  ,1925.8594  ,1.18 ,1  ,19  ,1.7 ,1  ,""" SANVTIGPSKDGPPPPS + Biotin (K); Phospho (ST)"""
7102  ,681.3488  ,1360.6831  ,1360.6769  ,4.57 ,2  ,19  ,2.1 ,1  ,""" KNANLCSDKSKP + Carbamidomethyl (C)"""
6558  ,439.2522  ,1314.7347  ,1314.7330  ,1.29 ,1  ,19  ,0.3 ,1  ,""" LSVREPMVTGVK"""
11817  ,957.4473  ,1912.8801  ,1912.8715  ,4.49 ,1  ,19  ,5 ,1  ,""" KGELTSLETYLK + 2 Biotin (K); Phospho (ST)"""
6077  ,425.5558  ,1273.6455  ,1273.6449  ,0.52 ,2  ,19  ,0.6 ,1  ,""" MKHLTASEVRS + Oxidation (M)"""
4293  ,561.2968  ,1120.5791  ,1120.5754  ,3.31 ,1  ,19  ,0.43 ,1  ,""" LERPKTAAR + Phospho (ST)"""
12194  ,995.4744  ,1988.9343  ,1988.9302  ,2.05 ,1  ,19  ,5.2 ,1  ,""" DPYYRTCDGFQVLVEK + Carbamidomethyl (C)"""
11545  ,933.9220  ,1865.8294  ,1865.8270  ,1.29 ,0  ,19  ,1.7 ,1  ,""" CYLYTALAEAQLGNLS + Carbamidomethyl (C); Phospho (ST)"""
6880  ,671.3417  ,1340.6689  ,1340.6748  ,-4.36 ,3  ,19  ,2 ,1  ,""" MRTKLDGRIR + Oxidation (M); Phospho (ST)"""
2098  ,464.7013  ,927.3880  ,927.3885  ,-0.51 ,0  ,19  ,0.28 ,1  ,""" QTDCLLR + Phospho (ST)"""
6816  ,669.6385  ,2005.8936  ,2005.9023  ,-4.34 ,0  ,19  ,1.9 ,1  ,""" VLTGQRPGEYSVSLNAR + Phospho (ST); Phospho (Y)"""
14426  ,1023.4587  ,3067.3543  ,3067.3408  ,4.41 ,2  ,19  ,3.9 ,1  ,""" KCVNGSVFINSSTLAKGPTGNYAK + 2 Biotin (K); Phospho (ST); Phospho (Y)"""
5311  ,403.8873  ,1208.6400  ,1208.6409  ,-0.76 ,2  ,19  ,0.38 ,1  ,""" CKLLEHKI + Biotin (K)"""
1693  ,442.2077  ,882.4009  ,882.4018  ,-1.03 ,1  ,19  ,0.19 ,1  ,""" RTFCDGK + Carbamidomethyl (C)"""
2525  ,483.2560  ,964.4974  ,964.4978  ,-0.40 ,1  ,19  ,0.33 ,1  ,""" SEVNNFKK"""
9769  ,803.4264  ,1604.8382  ,1604.8410  ,-1.71 ,0  ,19  ,1.6 ,1  ,""" AGNTIYLSGSLGLDPK"""
944  ,406.7531  ,811.4916  ,811.4916  ,0.01 ,2  ,19  ,0.096 ,1  ,""" GKAPPSKK"""
1655  ,439.7350  ,877.4555  ,877.4545  ,1.13 ,0  ,19  ,0.33 ,1  ,""" SLAPEYAK"""
4840  ,583.3094  ,1746.9063  ,1746.9053  ,0.59 ,2  ,19  ,1.2 ,1  ,""" QIGEGIDAVWVYKRN"""
1630  ,438.7632  ,875.5117  ,875.5117  ,0.10 ,0  ,19  ,0.17 ,1  ,""" FVSSLPVK"""
8389  ,731.3971  ,1460.7797  ,1460.7735  ,4.22 ,1  ,19  ,0.49 ,1  ,""" NRIGDAGNQILYK"""
1895  ,456.2314  ,1365.6722  ,1365.6776  ,-3.92 ,0  ,19  ,1.1 ,1  ,""" ATELSEVYGEIR"""
2470  ,480.7799  ,959.5453  ,959.5440  ,1.32 ,1  ,19  ,0.19 ,1  ,""" FVVPENKK"""
8080  ,719.3366  ,1436.6586  ,1436.6588  ,-0.16 ,2  ,19  ,0.99 ,1  ,""" GKYKEAEELYK + Phospho (Y)"""
2461  ,480.2796  ,1437.8171  ,1437.8125  ,3.14 ,3  ,19  ,0.52 ,1  ,""" KPKKIDKEAR + Biotin (K)"""
7229  ,457.9042  ,1370.6908  ,1370.6942  ,-2.51 ,0  ,19  ,0.89 ,1  ,""" AEEIVISGNFHR"""
1856  ,453.5233  ,1357.5480  ,1357.5465  ,1.14 ,0  ,19  ,0.61 ,1  ,""" DVESMQPMCYR"""
4564  ,572.3346  ,1142.6546  ,1142.6547  ,-0.03 ,0  ,19  ,0.36 ,1  ,""" ETIELQIGLK"""
2046  ,462.2257  ,1383.6552  ,1383.6571  ,-1.39 ,0  ,19  ,1.2 ,1  ,""" SAAHADISFYFR"""
1674  ,440.7234  ,879.4322  ,879.4338  ,-1.86 ,0  ,19  ,0.27 ,1  ,""" SVDVAFDK"""
3304  ,516.7244  ,1031.4342  ,1031.4342  ,-0.00 ,0  ,19  ,0.42 ,1  ,""" DQPQMEER"""
8123  ,721.3752  ,1440.7358  ,1440.7291  ,4.66 ,2  ,19  ,0.66 ,1  ,""" IKACADKLK + 2 Biotin (K)"""
7172  ,683.8445  ,1365.6745  ,1365.6751  ,-0.43 ,0  ,19  ,0.78 ,1  ,""" TPFMLAAFNQNL"""
7558  ,698.8445  ,1395.6744  ,1395.6751  ,-0.50 ,2  ,19  ,0.8 ,1  ,""" QFVNDMMRSRL"""
4175  ,556.2562  ,1110.4979  ,1110.4958  ,1.91 ,1  ,19  ,0.55 ,1  ,""" QNIEALKTD + Phospho (ST)"""
3626  ,355.8414  ,1064.5023  ,1064.4999  ,2.23 ,1  ,19  ,0.57 ,1  ,""" NQTEDFRR"""
8619  ,495.6192  ,1483.8359  ,1483.8358  ,0.05 ,1  ,19  ,0.25 ,1  ,""" VRIELDQETLLR"""
11212  ,906.4114  ,2716.2125  ,2716.2215  ,-3.33 ,2  ,19  ,5.3 ,1  ,""" LMKIELLIKMDPNSPTIIDD + Biotin (K); 2 Oxidation (M); 2 Phospho (ST)"""
6207  ,643.3372  ,1284.6599  ,1284.6536  ,4.89 ,1  ,19  ,1.7 ,1  ,""" NKSLLELGW + Biotin (K)"""
563  ,386.7374  ,771.4602  ,771.4603  ,-0.07 ,0  ,19  ,0.19 ,1  ,""" LAAGSVVR"""
4257  ,560.2774  ,1677.8104  ,1677.8174  ,-4.20 ,1  ,19  ,1.9 ,1  ,""" RGAYGKPQGLVAR + Biotin (K); Phospho (Y)"""
14213  ,548.4670  ,2737.2987  ,2737.3004  ,-0.62 ,0  ,19  ,3.1 ,1  ,""" GVAMNPVEHPHGGGNHQHIGHPSTVR + Oxidation (M)"""
756  ,398.1927  ,1191.5562  ,1191.5594  ,-2.65 ,1  ,19  ,0.77 ,1  ,""" SKDPFQDMPK"""
2078  ,464.2504  ,926.4863  ,926.4861  ,0.21 ,0  ,19  ,0.3 ,1  ,""" LYEYIAR"""
3721  ,536.8110  ,1071.6074  ,1071.6077  ,-0.30 ,0  ,19  ,0.35 ,1  ,""" VGVVGFPNVGK"""
9565  ,790.9387  ,1579.8628  ,1579.8698  ,-4.42 ,2  ,19  ,0.42 ,1  ,""" IKEISISKLGSVAR + Phospho (ST)"""
7800  ,707.3931  ,1412.7716  ,1412.7697  ,1.34 ,2  ,19  ,0.74 ,1  ,""" SKTSPAVIEKK + Biotin (K)"""
6879  ,671.3414  ,1340.6682  ,1340.6748  ,-4.91 ,3  ,19  ,2.2 ,1  ,""" MRTKLDGRIR + Oxidation (M); Phospho (ST)"""
11534  ,931.4286  ,1860.8427  ,1860.8441  ,-0.70 ,2  ,19  ,5.5 ,1  ,""" NSEKRLMAFENSEVK + Phospho (ST)"""
383  ,377.2218  ,752.4290  ,752.4293  ,-0.34 ,0  ,19  ,0.25 ,1  ,""" HGASLLR"""
6063  ,637.6992  ,1910.0757  ,1910.0738  ,0.99 ,1  ,19  ,0.38 ,1  ,""" HQKVVEIAPAPALPEGVR"""
4086  ,552.3080  ,1102.6014  ,1102.6022  ,-0.75 ,1  ,19  ,0.8 ,1  ,""" EVKNPLFEK"""
9192  ,385.9639  ,1539.8265  ,1539.8257  ,0.56 ,1  ,19  ,0.54 ,1  ,""" LGKLDATVHGEVSSK"""
9403  ,782.8511  ,1563.6876  ,1563.6909  ,-2.11 ,0  ,18  ,1.3 ,1  ,""" MADEAVCVGEAPTAK + Carbamidomethyl (C); Oxidation (M)"""
9584  ,792.3952  ,1582.7758  ,1582.7828  ,-4.40 ,3  ,18  ,3.2 ,1  ,""" LNQVRKLSSDRST + Phospho (ST)"""
5683  ,621.3613  ,1240.7080  ,1240.7027  ,4.28 ,0  ,18  ,0.4 ,1  ,""" DLVAASTNPLIK"""
13469  ,752.0422  ,2253.1049  ,2253.1076  ,-1.20 ,2  ,18  ,1.9 ,1  ,""" ASKTMIDVLAPVRDTVAAQAT + Oxidation (M); Phospho (ST)"""
5720  ,622.8012  ,1243.5877  ,1243.5873  ,0.34 ,0  ,18  ,0.7 ,1  ,""" AYNFWTVSEK"""
12248  ,998.5049  ,1994.9953  ,1995.0051  ,-4.89 ,3  ,18  ,3.7 ,1  ,""" YRDLRDLEVRLNTPR + Phospho (ST)"""
12668  ,522.4902  ,2085.9318  ,2085.9309  ,0.41 ,0  ,18  ,2.3 ,1  ,""" TQWIDFLWAQENAAASR + Phospho (ST)"""
6576  ,659.6387  ,1975.8942  ,1975.9017  ,-3.79 ,1  ,18  ,2.1 ,1  ,""" DGTSTVQLISREEIIR + 2 Phospho (ST)"""
9316  ,777.3803  ,1552.7461  ,1552.7449  ,0.72 ,3  ,18  ,3.6 ,1  ,""" SKSMMRGGNKENSK"""
486  ,382.2030  ,762.3915  ,762.3946  ,-4.03 ,0  ,18  ,0.24 ,1  ,""" TICVNIT"""
3282  ,515.9616  ,1544.8630  ,1544.8576  ,3.50 ,0  ,18  ,0.26 ,1  ,""" LGGVFAVRPNPGPHK"""
4106  ,553.2992  ,1104.5838  ,1104.5862  ,-2.16 ,3  ,18  ,1.1 ,1  ,""" KTVRREWM"""
1000  ,409.7165  ,817.4184  ,817.4181  ,0.33 ,1  ,18  ,0.3 ,1  ,""" TAEQEKI"""
5302  ,604.8553  ,1207.6960  ,1207.6965  ,-0.36 ,1  ,18  ,0.38 ,1  ,""" KYNVPYAIIK"""
4629  ,575.2831  ,1148.5517  ,1148.5478  ,3.39 ,1  ,18  ,2.1 ,1  ,""" KEGLTLPSPGA + Phospho (ST)"""
3319  ,519.2666  ,1036.5186  ,1036.5189  ,-0.28 ,0  ,18  ,0.49 ,1  ,""" FEDAISTVR"""
1260  ,423.7321  ,845.4497  ,845.4494  ,0.41 ,1  ,18  ,0.34 ,1  ,""" EKIAEEK"""
10010  ,818.4033  ,1634.7920  ,1634.7974  ,-3.31 ,1  ,18  ,3.8 ,1  ,""" LFSELDANGTKSK + Biotin (K)"""
12750  ,1050.0187  ,2098.0228  ,2098.0227  ,0.06 ,2  ,18  ,2.1 ,1  ,""" PEATIIGAFAMFDKKDCGK + Carbamidomethyl (C)"""
3337  ,522.2557  ,1042.4968  ,1042.4971  ,-0.31 ,0  ,18  ,1.7 ,1  ,""" YSVDVAFDK"""
9409  ,522.2821  ,1563.8244  ,1563.8256  ,-0.76 ,1  ,18  ,0.63 ,1  ,""" RGLELIASENFTSK"""
4515  ,380.5367  ,1138.5882  ,1138.5883  ,-0.07 ,0  ,18  ,0.44 ,1  ,""" EYTIHIHAR"""
8397  ,732.0305  ,2193.0696  ,2193.0630  ,2.98 ,3  ,18  ,2 ,1  ,""" GGRKSMNADADVRLTGANMTI + Oxidation (M)"""
12296  ,670.9646  ,2009.8720  ,2009.8625  ,4.74 ,1  ,18  ,2.1 ,1  ,""" TLAPRTLESEIGGISAR + 3 Phospho (ST)"""
3441  ,350.8173  ,1049.4300  ,1049.4344  ,-4.23 ,0  ,18  ,0.56 ,1  ,""" MQSSPMK + Biotin (K); Oxidation (M)"""
5426  ,610.8267  ,1219.6389  ,1219.6448  ,-4.86 ,2  ,18  ,0.54 ,1  ,""" DEAKKLQFEL"""
1487  ,433.2004  ,1296.5793  ,1296.5837  ,-3.38 ,2  ,18  ,1.1 ,1  ,""" GGRGSPRGGFGGR + Phospho (ST)"""
3719  ,358.2055  ,1071.5947  ,1071.5938  ,0.89 ,0  ,18  ,0.37 ,1  ,""" AVRPNPGPHK"""
1007  ,409.7478  ,817.4810  ,817.4810  ,0.02 ,0  ,18  ,0.13 ,1  ,""" LGGVFAVR"""
12744  ,1049.9805  ,2097.9464  ,2097.9476  ,-0.54 ,2  ,18  ,2.4 ,1  ,""" KLKQGSSTGTICGTLQYMS + Oxidation (M); Phospho (ST)"""
3642  ,533.8057  ,1065.5968  ,1065.5971  ,-0.30 ,1  ,18  ,0.32 ,1  ,""" FAAYTPKIR"""
10863  ,877.9954  ,2630.9643  ,2630.9733  ,-3.44 ,2  ,18  ,1.5 ,1  ,""" KTASKLSNSFHNPSDLSSYSAA + 3 Phospho (ST); Phospho (Y)"""
1775  ,449.7351  ,897.4555  ,897.4572  ,-1.86 ,1  ,18  ,0.24 ,1  ,""" KSLETLK + Phospho (ST)"""
10273  ,834.3638  ,2500.0695  ,2500.0617  ,3.10 ,3  ,18  ,4.6 ,1  ,""" LKKYFNTQKMSFK + 3 Biotin (K); Phospho (ST); Phospho (Y)"""
13691  ,587.2929  ,2345.1425  ,2345.1427  ,-0.08 ,2  ,18  ,2.3 ,1  ,""" EGKEIYTTVGIDYNEPKFDK"""
1465  ,432.7269  ,863.4392  ,863.4389  ,0.33 ,0  ,18  ,0.39 ,1  ,""" TFPDGVTK"""
4880  ,584.9703  ,1751.8892  ,1751.8827  ,3.71 ,3  ,18  ,1.1 ,1  ,""" KASIMALKSQLRT + Biotin (K); Phospho (ST)"""
1564  ,435.7677  ,869.5208  ,869.5222  ,-1.61 ,0  ,18  ,0.14 ,1  ,""" ISPALLEK"""
3089  ,508.2951  ,1014.5756  ,1014.5750  ,0.65 ,0  ,18  ,0.36 ,1  ,""" DLWDILLK"""
2695  ,491.2535  ,980.4924  ,980.4927  ,-0.31 ,0  ,18  ,0.44 ,1  ,""" VYDSIAASR"""
13336  ,1107.0536  ,2212.0926  ,2212.0996  ,-3.15 ,2  ,18  ,2 ,1  ,""" INSRLDKVMNLITAETIMA + Phospho (ST)"""
784  ,399.2065  ,796.3984  ,796.4014  ,-3.71 ,0  ,18  ,0.083 ,1  ,""" ALHPGMR + Oxidation (M)"""
6636  ,661.8989  ,1321.7833  ,1321.7830  ,0.24 ,1  ,18  ,0.067 ,1  ,""" QLARNPLLLER"""
2980  ,503.7691  ,1005.5237  ,1005.5211  ,2.54 ,2  ,18  ,0.44 ,1  ,""" KRMAICER"""
8898  ,756.0168  ,2265.0287  ,2265.0332  ,-1.97 ,3  ,18  ,2.9 ,1  ,""" RNCHFTVFMALSKMKMPL + 2 Oxidation (M); Phospho (ST)"""
7427  ,693.9770  ,2078.9093  ,2078.9078  ,0.74 ,1  ,18  ,2.5 ,1  ,""" TYFDKMSMDPPDGAVSFR + Oxidation (M)"""
2448  ,479.7932  ,957.5717  ,957.5720  ,-0.22 ,1  ,18  ,0.23 ,1  ,""" ASLGTVVRR"""
11087  ,897.9110  ,1793.8074  ,1793.8114  ,-2.22 ,1  ,18  ,1.8 ,1  ,""" AEVKVTVLDHPSSPR + 2 Phospho (ST)"""
2328  ,474.7652  ,947.5159  ,947.5188  ,-3.08 ,0  ,18  ,0.23 ,1  ,""" LAAAFNVSR"""
6163  ,641.8247  ,1281.6347  ,1281.6353  ,-0.45 ,0  ,18  ,0.9 ,1  ,""" TEAFPNYALTR"""
3398  ,523.8089  ,1045.6032  ,1045.6019  ,1.20 ,0  ,18  ,0.22 ,1  ,""" LISTDVLTGK"""
6565  ,658.8389  ,1315.6633  ,1315.6666  ,-2.53 ,3  ,18  ,0.84 ,1  ,""" KKESNAVRGQPC"""
1054  ,412.7348  ,823.4550  ,823.4552  ,-0.17 ,0  ,18  ,0.19 ,1  ,""" AGHGIEIK"""
3212  ,513.2606  ,1024.5067  ,1024.5066  ,0.05 ,1  ,18  ,1.6 ,1  ,""" QKTATIQR + Phospho (ST)"""
3273  ,515.6277  ,1543.8614  ,1543.8583  ,2.02 ,2  ,18  ,0.41 ,1  ,""" VIRRGVGQYQPGSK"""
8682  ,744.8592  ,1487.7038  ,1487.7112  ,-4.98 ,2  ,18  ,1.3 ,1  ,""" ESNVMAPKKDK + Biotin (K); Oxidation (M)"""
14579  ,706.9388  ,3529.6577  ,3529.6598  ,-0.58 ,1  ,18  ,5.2 ,1  ,""" LHDLHGDSITVGADGEKVDRPDDYEPPVQQEV"""
1464  ,432.7267  ,863.4389  ,863.4389  ,-0.02 ,0  ,18  ,0.46 ,1  ,""" FQADITGL"""
2292  ,473.2901  ,944.5656  ,944.5655  ,0.20 ,2  ,18  ,0.29 ,1  ,""" KNLKDTVK"""
1213  ,422.2161  ,842.4176  ,842.4174  ,0.18 ,0  ,18  ,0.19 ,1  ,""" FDGYTIK"""
1252  ,423.2785  ,844.5423  ,844.5422  ,0.17 ,0  ,18  ,0.088 ,1  ,""" VLLPIYK"""
5796  ,625.8487  ,1249.6828  ,1249.6886  ,-4.65 ,1  ,18  ,0.52 ,1  ,""" VMVLMATKGLR + 2 Oxidation (M)"""
10181  ,829.8933  ,1657.7721  ,1657.7776  ,-3.33 ,2  ,18  ,1.7 ,1  ,""" SDDYWKAKEFLAW"""
12018  ,980.5194  ,1959.0243  ,1959.0247  ,-0.21 ,1  ,18  ,0.99 ,1  ,""" SALMTAQAQEAIYIKGHK"""
2149  ,466.7559  ,931.4973  ,931.4975  ,-0.11 ,1  ,18  ,0.35 ,1  ,""" DTLDILRS"""
4610  ,574.3040  ,1719.8901  ,1719.8865  ,2.05 ,1  ,18  ,1.7 ,1  ,""" KTTVEAIAYIAEHMK + Oxidation (M)"""
1631  ,438.7634  ,875.5122  ,875.5117  ,0.58 ,0  ,18  ,0.16 ,1  ,""" FVSSLPVK"""
893  ,404.2325  ,806.4505  ,806.4538  ,-4.05 ,1  ,18  ,0.18 ,1  ,""" EKFLLGT"""
6642  ,662.3046  ,1983.8921  ,1983.8896  ,1.22 ,2  ,18  ,3.4 ,1  ,""" APIFSAFYISPNRDKV + 2 Phospho (ST)"""
844  ,402.1985  ,802.3825  ,802.3821  ,0.50 ,0  ,18  ,0.19 ,1  ,""" LADAEER"""
13111  ,724.0075  ,2169.0008  ,2169.0078  ,-3.25 ,0  ,18  ,2.8 ,1  ,""" HLVFCSPSGVSLGQLPPSQH + Phospho (ST)"""
397  ,378.1964  ,1131.5675  ,1131.5672  ,0.23 ,1  ,18  ,0.69 ,1  ,""" AYESELHKR"""
8336  ,729.9334  ,2186.7782  ,2186.7826  ,-2.00 ,1  ,18  ,1.1 ,1  ,""" YTEMLKATDNTMQEYAS + 2 Oxidation (M); Phospho (ST); Phospho (Y)"""
309  ,373.2033  ,1116.5880  ,1116.5887  ,-0.60 ,1  ,18  ,0.49 ,1  ,""" SAISEAAKNAR"""
2494  ,481.9603  ,1442.8592  ,1442.8609  ,-1.21 ,1  ,18  ,0.099 ,1  ,""" LRESLPLSLFLR"""
1897  ,456.2407  ,910.4668  ,910.4637  ,3.35 ,1  ,18  ,1.2 ,1  ,""" GGKISLTR + Phospho (ST)"""
7155  ,683.3183  ,2046.9331  ,2046.9390  ,-2.90 ,1  ,18  ,4 ,1  ,""" FKEMSEENASNMVYLQK"""
7729  ,470.2331  ,1407.6774  ,1407.6759  ,1.08 ,0  ,18  ,1.1 ,1  ,""" TEVTPQGQTVLR + Phospho (ST)"""
3918  ,545.2652  ,1088.5158  ,1088.5128  ,2.79 ,1  ,18  ,0.82 ,1  ,""" VRHSSQAPK + Phospho (ST)"""
6993  ,677.3284  ,2028.9635  ,2028.9638  ,-0.17 ,1  ,18  ,3.4 ,1  ,""" GALNMINPASALFRSTMR + Phospho (ST)"""
7707  ,703.8663  ,1405.7180  ,1405.7218  ,-2.69 ,1  ,18  ,1 ,1  ,""" ASPLVDKLVAEGK + Phospho (ST)"""
4937  ,392.5387  ,1174.5942  ,1174.5999  ,-4.83 ,2  ,18  ,0.65 ,1  ,""" EVLYSKTKK + Phospho (ST)"""
1145  ,416.7479  ,831.4813  ,831.4814  ,-0.12 ,1  ,18  ,0.29 ,1  ,""" ISSLKER"""
1313  ,426.2240  ,1275.6502  ,1275.6489  ,1.02 ,2  ,18  ,1.1 ,1  ,""" RYQIAKVYR + Phospho (Y)"""
1333  ,427.2062  ,852.3979  ,852.3977  ,0.20 ,0  ,18  ,0.39 ,1  ,""" VYEGETR"""
10905  ,882.4268  ,2644.2586  ,2644.2463  ,4.67 ,1  ,18  ,5.4 ,1  ,""" QGKEVLFPFGFHCTGMPIK + 2 Biotin (K); Carbamidomethyl (C)"""
10169  ,828.7040  ,2483.0901  ,2483.0941  ,-1.60 ,1  ,18  ,3.8 ,1  ,""" DCGGVLWASETSQTFYGAVRTR + Phospho (ST)"""
9637  ,795.0336  ,2382.0789  ,2382.0765  ,0.99 ,3  ,18  ,3.4 ,1  ,""" KGCKELVDTSKYTLINK + Biotin (K); Carbamidomethyl (C); 2 Phospho (ST)"""
2170  ,467.7347  ,933.4548  ,933.4556  ,-0.80 ,0  ,18  ,0.47 ,1  ,""" QQYGPVDK"""
3682  ,535.7626  ,1069.5107  ,1069.5056  ,4.73 ,0  ,18  ,0.58 ,1  ,""" LSVLGSSTNL + Phospho (ST)"""
1331  ,426.7509  ,851.4872  ,851.4865  ,0.81 ,0  ,18  ,0.19 ,1  ,""" GADHLVLK"""
4532  ,571.2757  ,1710.8053  ,1710.8052  ,0.06 ,2  ,18  ,2.4 ,1  ,""" KAQGYLEKELGGL + Biotin (K); Phospho (Y)"""
5358  ,607.8057  ,1213.5968  ,1213.5979  ,-0.91 ,0  ,18  ,0.95 ,1  ,""" NLQYYDISAK"""
2399  ,478.2817  ,954.5489  ,954.5498  ,-1.01 ,0  ,18  ,0.28 ,1  ,""" TVVNQPAVK"""
813  ,400.5831  ,1198.7274  ,1198.7285  ,-0.92 ,2  ,18  ,0.11 ,1  ,""" KEVELVNKLK"""
6457  ,655.3051  ,1308.5957  ,1308.5921  ,2.73 ,0  ,18  ,3.7 ,1  ,""" HGDLHVYDK + Biotin (K)"""
7251  ,687.0173  ,2058.0300  ,2058.0371  ,-3.46 ,2  ,18  ,1.7 ,1  ,""" PASRRDLTIPSRPLDER + Phospho (ST)"""
1236  ,422.7575  ,843.5004  ,843.5000  ,0.49 ,1  ,18  ,0.16 ,1  ,""" RVTIMPK"""
3785  ,539.2696  ,1076.5247  ,1076.5284  ,-3.49 ,0  ,18  ,0.6 ,1  ,""" AENMLLTGGR + Oxidation (M)"""
3969  ,546.9300  ,1637.7681  ,1637.7654  ,1.68 ,2  ,18  ,1.8 ,1  ,""" VCFSIEPVSECRRG + Carbamidomethyl (C)"""
943  ,406.7356  ,811.4567  ,811.4552  ,1.86 ,0  ,18  ,0.18 ,1  ,""" DVLNPVR"""
14405  ,747.6271  ,2986.4794  ,2986.4785  ,0.31 ,1  ,18  ,2.9 ,1  ,""" ADRILQAVEDTGAQAVHPGYGFLSENTK"""
13113  ,724.0077  ,2169.0012  ,2169.0078  ,-3.08 ,0  ,18  ,2.9 ,1  ,""" HLVFCSPSGVSLGQLPPSQH + Phospho (ST)"""
20  ,351.7120  ,701.4094  ,701.4072  ,3.20 ,0  ,18  ,0.14 ,1  ,""" ANAVLSK"""
4923  ,587.3247  ,1758.9521  ,1758.9603  ,-4.65 ,2  ,18  ,1.2 ,1  ,""" FLRWKTIQSLNK + Biotin (K)"""
3577  ,531.2878  ,1060.5611  ,1060.5625  ,-1.29 ,1  ,17  ,1.3 ,1  ,""" QNASGKISTR"""
8560  ,739.6804  ,2216.0194  ,2216.0159  ,1.60 ,3  ,17  ,3.2 ,1  ,""" MDSIHKKLREFYESK + Biotin (K); Phospho (ST)"""
1491  ,433.2447  ,1296.7123  ,1296.7094  ,2.24 ,0  ,17  ,0.49 ,1  ,""" LLTLSLFILGQ + Phospho (ST)"""
7304  ,689.3476  ,2065.0210  ,2065.0262  ,-2.53 ,2  ,17  ,3.2 ,1  ,""" KENTSGILEVNKNAVSH + Biotin (K)"""
11524  ,620.6741  ,1859.0004  ,1859.0045  ,-2.22 ,2  ,17  ,0.63 ,1  ,""" IISFIWHKLLKR + Biotin (K); Phospho (ST)"""
1095  ,414.2348  ,826.4551  ,826.4549  ,0.29 ,1  ,17  ,0.53 ,1  ,""" KDVQVPAA"""
9314  ,777.3692  ,1552.7239  ,1552.7304  ,-4.18 ,0  ,17  ,1.5 ,1  ,""" CLGESHPAVAATLNN + Carbamidomethyl (C)"""
3539  ,530.2916  ,1058.5686  ,1058.5655  ,2.98 ,1  ,17  ,0.51 ,1  ,""" LNPAMRTTR"""
9822  ,807.3945  ,2419.1616  ,2419.1689  ,-3.03 ,3  ,17  ,4.9 ,1  ,""" SCHEDVSFQKKESPALTSLKE + Carbamidomethyl (C)"""
12023  ,654.3012  ,1959.8817  ,1959.8890  ,-3.75 ,0  ,17  ,2.6 ,1  ,""" TSNAPCLVTVVSLGVGAR + Carbamidomethyl (C); 2 Phospho (ST)"""
2818  ,495.7823  ,989.5501  ,989.5505  ,-0.41 ,1  ,17  ,0.29 ,1  ,""" SLRLTSSLN"""
4628  ,575.2800  ,1148.5454  ,1148.5478  ,-2.13 ,1  ,17  ,2.6 ,1  ,""" KEGLTLPSPGA + Phospho (ST)"""
3844  ,541.7503  ,1081.4861  ,1081.4862  ,-0.09 ,0  ,17  ,0.66 ,1  ,""" EFMNEQLR + Oxidation (M)"""
481  ,381.7115  ,761.4084  ,761.4072  ,1.64 ,0  ,17  ,0.21 ,1  ,""" FIGPNSK"""
6110  ,639.3289  ,1276.6433  ,1276.6412  ,1.66 ,1  ,17  ,2.5 ,1  ,""" KNEIFTGQQGGV"""
8499  ,737.3678  ,1472.7210  ,1472.7177  ,2.26 ,2  ,17  ,1.3 ,1  ,""" KHYYKAVIESR + Phospho (Y)"""
2673  ,490.2641  ,978.5135  ,978.5151  ,-1.56 ,0  ,17  ,0.47 ,1  ,""" SIPGTLLAK + Phospho (ST)"""
1619  ,438.2350  ,874.4554  ,874.4549  ,0.62 ,0  ,17  ,0.33 ,1  ,""" YVITHDK"""
10742  ,868.4309  ,1734.8473  ,1734.8465  ,0.46 ,0  ,17  ,4.9 ,1  ,""" PEVYPEGFQGTSLSPK"""
11924  ,969.7941  ,2906.3606  ,2906.3741  ,-4.66 ,1  ,17  ,4.9 ,1  ,""" PIMQGDTEQKQLQLISGLCGSINK + Biotin (K); Phospho (ST)"""
3264  ,515.2899  ,1028.5652  ,1028.5614  ,3.62 ,0  ,17  ,1 ,1  ,""" GTSPLQIASR"""
6130  ,640.3569  ,1278.6993  ,1278.7046  ,-4.11 ,0  ,17  ,0.49 ,1  ,""" LMFAFAAVPSII"""
6872  ,671.2957  ,2010.8653  ,2010.8658  ,-0.25 ,0  ,17  ,3.8 ,1  ,""" VIFGSLLTTFAAASFAR + 3 Phospho (ST)"""
9441  ,784.3765  ,1566.7385  ,1566.7428  ,-2.77 ,2  ,17  ,4.9 ,1  ,""" MAMLTMREERQR + Oxidation (M)"""
12003  ,978.9824  ,1955.9502  ,1955.9482  ,0.99 ,2  ,17  ,2.3 ,1  ,""" IGTSLDTTPKELPIRR + 2 Phospho (ST)"""
3031  ,506.2311  ,1010.4477  ,1010.4491  ,-1.41 ,0  ,17  ,2.1 ,1  ,""" EAECGAIYR"""
7405  ,693.3504  ,2077.0294  ,2077.0377  ,-3.99 ,2  ,17  ,3.2 ,1  ,""" MFKGNIMDTIFKGFDGLK + Oxidation (M)"""
4884  ,585.2744  ,1752.8014  ,1752.8092  ,-4.43 ,3  ,17  ,3.1 ,1  ,""" ADRLKEYKAK + 2 Biotin (K); Phospho (Y)"""
9695  ,799.3821  ,2395.1244  ,2395.1195  ,2.05 ,1  ,17  ,5.2 ,1  ,""" LLGNCIEGSVRCYNNQMRPV + 2 Carbamidomethyl (C); Oxidation (M)"""
12909  ,1068.1655  ,3201.4747  ,3201.4736  ,0.34 ,2  ,17  ,5.7 ,1  ,""" CKVDQLPRLAATDTFALAGVALEFVTR + Carbamidomethyl (C); 3 Phospho (ST)"""
454  ,380.2292  ,1137.6658  ,1137.6658  ,-0.01 ,1  ,17  ,0.2 ,1  ,""" ATVYRLLFR"""
7106  ,681.3688  ,1360.7230  ,1360.7238  ,-0.61 ,0  ,17  ,1.7 ,1  ,""" LAGSLTEAFPDLK"""
2651  ,489.2509  ,1464.7310  ,1464.7282  ,1.90 ,1  ,17  ,1.8 ,1  ,""" SSTKATIQYLQ + Biotin (K)"""
876  ,403.7242  ,805.4339  ,805.4334  ,0.59 ,0  ,17  ,0.4 ,1  ,""" IFDLGNK"""
6099  ,426.2473  ,1275.7201  ,1275.7187  ,1.11 ,0  ,17  ,0.32 ,1  ,""" GLIPAEVAEHLK"""
3027  ,505.9113  ,1514.7119  ,1514.7100  ,1.25 ,0  ,17  ,1.6 ,1  ,""" NDLDGELPATDEVK"""
5877  ,628.9506  ,1883.8299  ,1883.8243  ,2.93 ,3  ,17  ,2.3 ,1  ,""" RRSNNREMSMPASPR + Oxidation (M); Phospho (ST)"""
9604  ,793.8865  ,1585.7585  ,1585.7575  ,0.62 ,1  ,17  ,1.7 ,1  ,""" AVKIEYMNPAGSVK + Phospho (Y)"""
11765  ,952.9412  ,1903.8679  ,1903.8596  ,4.34 ,0  ,17  ,2.5 ,1  ,""" CVTGLQIGFSLFSFII + 2 Phospho (ST)"""
7517  ,697.0262  ,2088.0567  ,2088.0560  ,0.36 ,1  ,17  ,1.7 ,1  ,""" LQSIQRQDTVPATASSSGSR"""
7632  ,700.8313  ,1399.6480  ,1399.6492  ,-0.83 ,0  ,17  ,1.3 ,1  ,""" QMVIVESLCSVI + Phospho (ST)"""
10447  ,846.4255  ,2536.2546  ,2536.2583  ,-1.44 ,3  ,17  ,4.3 ,1  ,""" QRSKIAKQLVVDDYLTK + 2 Biotin (K); Phospho (ST)"""
3205  ,512.7771  ,1023.5396  ,1023.5365  ,3.05 ,1  ,17  ,0.61 ,1  ,""" KVLSQIEK + Phospho (ST)"""
4894  ,585.5606  ,1753.6600  ,1753.6614  ,-0.79 ,1  ,17  ,1.2 ,1  ,""" NSKNNGGENEEEK + Biotin (K); Phospho (ST)"""
8154  ,722.3663  ,1442.7180  ,1442.7161  ,1.33 ,2  ,17  ,3.4 ,1  ,""" MNEVSRHVRSGR + Oxidation (M)"""
776  ,398.7678  ,795.5210  ,795.5218  ,-0.96 ,0  ,17  ,0.07 ,1  ,""" IAPALIAK"""
831  ,401.2471  ,800.4796  ,800.4796  ,0.04 ,0  ,17  ,0.18 ,1  ,""" LLIFAPQ"""
5258  ,402.5439  ,1204.6100  ,1204.6151  ,-4.28 ,2  ,17  ,0.74 ,1  ,""" PTMKLHKVR + Oxidation (M); Phospho (ST)"""
722  ,396.6870  ,791.3593  ,791.3596  ,-0.28 ,0  ,17  ,0.17 ,1  ,""" SADCLQR"""
11098  ,898.4054  ,1794.7963  ,1794.7964  ,-0.03 ,1  ,17  ,2.3 ,1  ,""" CLNNGAQNFKMTR + Biotin (K); Carbamidomethyl (C); Oxidation (M)"""
7662  ,702.4229  ,1402.8313  ,1402.8296  ,1.17 ,1  ,17  ,0.16 ,1  ,""" RIGQAFVIATSLK"""
3699  ,536.3059  ,1070.5973  ,1070.5971  ,0.12 ,1  ,17  ,0.77 ,1  ,""" LKLEEQAQI"""
7134  ,682.3654  ,1362.7162  ,1362.7217  ,-4.07 ,0  ,17  ,1.9 ,1  ,""" ELMDLIPTFIR + Oxidation (M)"""
12373  ,1014.4844  ,2026.9542  ,2026.9468  ,3.66 ,1  ,17  ,8.1 ,1  ,""" KCASDGLASALTSVTLK + Biotin (K); Carbamidomethyl (C); Phospho (ST)"""
6468  ,655.3130  ,1308.6115  ,1308.6166  ,-3.85 ,1  ,17  ,1.2 ,1  ,""" KLLGNMDMDTR + Oxidation (M)"""
9018  ,762.0723  ,2283.1950  ,2283.2020  ,-3.07 ,3  ,17  ,1.3 ,1  ,""" KYFKTLQKLFCLAANGR + Biotin (K); Carbamidomethyl (C)"""
9317  ,777.4349  ,1552.8552  ,1552.8501  ,3.31 ,1  ,17  ,0.89 ,1  ,""" YKIPQYGITLTEK"""
4673  ,576.6528  ,1726.9365  ,1726.9400  ,-2.02 ,0  ,17  ,0.79 ,1  ,""" SQLLVVRPEMPSSLR + Oxidation (M)"""
2526  ,483.2561  ,964.4977  ,964.5012  ,-3.56 ,1  ,17  ,0.51 ,1  ,""" QAMGKTVSK + Oxidation (M)"""
4218  ,558.2818  ,1671.8236  ,1671.8217  ,1.15 ,0  ,17  ,2.6 ,1  ,""" SPGHVDFSSEVTAALR"""
1133  ,416.2324  ,830.4503  ,830.4498  ,0.60 ,0  ,17  ,0.55 ,1  ,""" IQQSLDK"""
1448  ,431.7609  ,861.5073  ,861.5072  ,0.09 ,0  ,17  ,0.31 ,1  ,""" IGGSIFIR"""
5754  ,416.2139  ,1245.6198  ,1245.6209  ,-0.95 ,0  ,17  ,1.1 ,1  ,""" INEIMPMIGGR + Oxidation (M)"""
9360  ,779.9018  ,1557.7890  ,1557.7899  ,-0.57 ,0  ,17  ,1.3 ,1  ,""" YASINAHLGIEQSR"""
1141  ,416.7320  ,831.4495  ,831.4524  ,-3.53 ,0  ,17  ,0.31 ,1  ,""" MVVAKPTA + Oxidation (M)"""
11993  ,977.4752  ,2929.4037  ,2929.3966  ,2.41 ,3  ,17  ,6.9 ,1  ,""" SDSDDEPPKKAPAVTTKVAPKPMAK + Biotin (K); Oxidation (M); Phospho (ST)"""
2469  ,480.7722  ,959.5298  ,959.5287  ,1.10 ,0  ,17  ,0.54 ,1  ,""" SGQVLEISK"""
6196  ,642.8577  ,1283.7008  ,1283.6947  ,4.71 ,0  ,17  ,0.75 ,1  ,""" IAFPGELLAK + Biotin (K)"""
8487  ,736.8394  ,1471.6643  ,1471.6585  ,3.91 ,0  ,17  ,1.5 ,1  ,""" QVSTQEVIRPR + 2 Phospho (ST)"""
10409  ,842.7194  ,2525.1364  ,2525.1265  ,3.92 ,1  ,17  ,4.7 ,1  ,""" SGVLILRCNMSNILLTTFYK + 2 Phospho (ST); Phospho (Y)"""
12760  ,1050.5078  ,2099.0010  ,2098.9928  ,3.92 ,2  ,17  ,3 ,1  ,""" SKGFGFVRMSSVGEQNK + Biotin (K); Oxidation (M)"""
1639  ,439.2246  ,876.4346  ,876.4341  ,0.55 ,0  ,17  ,0.54 ,1  ,""" VAPEEHPV"""
10500  ,850.3903  ,1698.7660  ,1698.7680  ,-1.20 ,1  ,17  ,6.9 ,1  ,""" AAKHASLCFDK + 2 Biotin (K); Carbamidomethyl (C)"""
1445  ,862.4670  ,861.4598  ,861.4630  ,-3.75 ,0  ,17  ,0.56 ,1  ,""" ATILVGGTM"""
6111  ,639.3481  ,1915.0224  ,1915.0237  ,-0.65 ,1  ,17  ,1.5 ,1  ,""" PLLSSAKYEILSNVR + Biotin (K)"""
10154  ,826.9126  ,1651.8106  ,1651.8093  ,0.80 ,0  ,17  ,1.9 ,1  ,""" VAPAYEFSNEDALVK"""
11175  ,903.9812  ,1805.9478  ,1805.9471  ,0.41 ,2  ,17  ,1.7 ,1  ,""" MYAAVNFGSRLRLHR + Oxidation (M)"""
9150  ,768.6981  ,2303.0725  ,2303.0829  ,-4.49 ,0  ,17  ,3.6 ,1  ,""" TGRPPMTSAVTTTTAATTTTTR + Phospho (ST)"""
236  ,366.2008  ,730.3871  ,730.3861  ,1.31 ,0  ,17  ,0.33 ,1  ,""" AEGVDIK"""
1461  ,432.5580  ,1294.6520  ,1294.6534  ,-1.04 ,1  ,17  ,0.84 ,1  ,""" SITLPTREVIS + Phospho (ST)"""
4440  ,567.2895  ,1698.8468  ,1698.8464  ,0.24 ,1  ,17  ,2.6 ,1  ,""" ILAEKYEYDVTEAR"""
11043  ,893.9533  ,1785.8921  ,1785.8848  ,4.05 ,3  ,17  ,1.9 ,1  ,""" VVPKSMLVKQYQRD + Oxidation (M); Phospho (Y)"""
12745  ,700.3229  ,2097.9469  ,2097.9394  ,3.59 ,2  ,17  ,3.3 ,1  ,""" ATCWDGVACQTRQEKCATK"""
1558  ,435.7429  ,869.4713  ,869.4735  ,-2.55 ,3  ,17  ,0.14 ,1  ,""" KATKKSK + Phospho (ST)"""
2909  ,501.2538  ,1000.4929  ,1000.4938  ,-0.81 ,0  ,17  ,0.59 ,1  ,""" VNDELQQR"""
882  ,404.1944  ,1209.5613  ,1209.5634  ,-1.78 ,1  ,17  ,1.3 ,1  ,""" TKGSYLCR + Biotin (K); Carbamidomethyl (C)"""
3664  ,534.7955  ,1067.5764  ,1067.5764  ,0.00 ,2  ,17  ,0.54 ,1  ,""" KFERVVGSF"""
10334  ,838.3696  ,1674.7247  ,1674.7248  ,-0.04 ,1  ,17  ,6.5 ,1  ,""" GGYNGGGGGGGGWGGPAQRG"""
7082  ,453.5905  ,1357.7497  ,1357.7500  ,-0.20 ,2  ,17  ,0.51 ,1  ,""" RKMGEQAVQLAK"""
1806  ,450.7376  ,899.4607  ,899.4613  ,-0.74 ,0  ,17  ,0.33 ,1  ,""" YLPHSAGR"""
10514  ,851.3967  ,2551.1682  ,2551.1600  ,3.19 ,2  ,17  ,7 ,1  ,""" EHVSSSKAATATQVVKQFCPQ + Biotin (K); Phospho (ST)"""
2685  ,490.7186  ,979.4226  ,979.4215  ,1.15 ,0  ,17  ,0.46 ,1  ,""" MLSCAGADR + Carbamidomethyl (C)"""
6322  ,432.8842  ,1295.6307  ,1295.6308  ,-0.13 ,1  ,17  ,1.2 ,1  ,""" SLLTNSLIRCP + Phospho (ST)"""
6458  ,655.3056  ,1962.8950  ,1962.8870  ,4.06 ,2  ,17  ,4.2 ,1  ,""" GTKSEGSGRSGAYLAPSMK + Phospho (ST)"""
6727  ,665.3506  ,1328.6867  ,1328.6927  ,-4.49 ,0  ,17  ,0.82 ,1  ,""" LSLIVTLHK + Biotin (K); Phospho (ST)"""
3507  ,529.3123  ,1584.9150  ,1584.9199  ,-3.10 ,3  ,17  ,0.5 ,1  ,""" QKVALEGKLADASKK"""
12189  ,994.7691  ,2981.2855  ,2981.2775  ,2.67 ,1  ,17  ,5.9 ,1  ,""" SAVSNGAHTVKGLTTYLDAVNMSMI + Biotin (K); Oxidation (M); 2 Phospho (ST)"""
1676  ,440.7243  ,879.4341  ,879.4372  ,-3.50 ,0  ,17  ,0.54 ,1  ,""" VLATDMSK + Oxidation (M)"""
802  ,399.7451  ,797.4756  ,797.4759  ,-0.39 ,0  ,17  ,0.16 ,1  ,""" NLPVISR"""
5138  ,597.9883  ,1790.9432  ,1790.9444  ,-0.67 ,3  ,17  ,1.2 ,1  ,""" KSKGGTLYLQSKVFR + Phospho (ST)"""
1326  ,426.2770  ,850.5394  ,850.5388  ,0.61 ,0  ,17  ,0.054 ,1  ,""" ILPKPQR"""
2512  ,482.7578  ,963.5011  ,963.5025  ,-1.49 ,0  ,17  ,0.59 ,1  ,""" FQGTSLSPK"""
7259  ,458.5925  ,1372.7557  ,1372.7496  ,4.40 ,0  ,17  ,0.62 ,1  ,""" IGLSASAICLAAAR + Carbamidomethyl (C)"""
7954  ,713.5924  ,2137.7554  ,2137.7565  ,-0.50 ,0  ,17  ,1.2 ,1  ,""" VLASTMSAQNTTTTEEQA + Oxidation (M); 3 Phospho (ST)"""
438  ,379.7293  ,757.4441  ,757.4446  ,-0.64 ,1  ,17  ,0.31 ,1  ,""" KSPSAIR"""
1092  ,413.7792  ,825.5437  ,825.5436  ,0.20 ,1  ,17  ,0.081 ,1  ,""" KIAKPAAK"""
2020  ,460.7454  ,919.4763  ,919.4797  ,-3.68 ,0  ,17  ,0.6 ,1  ,""" SGLMLLDR + Oxidation (M)"""
845  ,402.2117  ,802.4088  ,802.4086  ,0.25 ,0  ,17  ,0.34 ,1  ,""" HYAGTVR"""
4561  ,572.3184  ,1713.9333  ,1713.9348  ,-0.92 ,2  ,17  ,1.3 ,1  ,""" ATGEPPVGRHIVKK + Biotin (K)"""
6505  ,655.6408  ,1963.9004  ,1963.9030  ,-1.31 ,3  ,17  ,3 ,1  ,""" DRGEYQKALQIARTR + Phospho (ST); Phospho (Y)"""
7431  ,694.3035  ,1386.5925  ,1386.5962  ,-2.69 ,2  ,17  ,4.7 ,1  ,""" QSSKEKDAMAGR + Phospho (ST)"""
10286  ,835.3689  ,2503.0849  ,2503.0929  ,-3.22 ,1  ,17  ,6.8 ,1  ,""" STCLRALSSMLELAVGDFTWK + Oxidation (M); 2 Phospho (ST)"""
6948  ,675.3462  ,1348.6778  ,1348.6768  ,0.73 ,3  ,17  ,3.3 ,1  ,""" KKTMAKNEDER"""
9880  ,810.4226  ,1618.8307  ,1618.8315  ,-0.45 ,2  ,17  ,1.3 ,1  ,""" RVDKLEEVEEAFR"""
13996  ,846.1069  ,2535.2989  ,2535.3043  ,-2.14 ,1  ,17  ,2 ,1  ,""" LGADLIEHGLAGFNVMTYTIEKK + Oxidation (M)"""
11757  ,951.4419  ,1900.8693  ,1900.8705  ,-0.64 ,3  ,17  ,2.9 ,1  ,""" RGMKGLTTPKIEGK + Biotin (K); 2 Phospho (ST)"""
8622  ,743.3468  ,1484.6790  ,1484.6833  ,-2.88 ,1  ,17  ,5.9 ,1  ,""" LLETAIDMKENI + Oxidation (M); Phospho (ST)"""
4600  ,573.9753  ,1718.9042  ,1718.8985  ,3.31 ,2  ,17  ,1.1 ,1  ,""" KQISKMDQSVTDAIR"""
6435  ,654.3422  ,1306.6698  ,1306.6703  ,-0.40 ,1  ,17  ,0.93 ,1  ,""" QLFRSLAMTQP + Oxidation (M)"""
6829  ,669.9698  ,2006.8877  ,2006.8963  ,-4.27 ,2  ,17  ,3.3 ,1  ,""" LNKSKNMSVPMAR + 2 Biotin (K); Phospho (ST)"""
8655  ,743.8474  ,1485.6803  ,1485.6799  ,0.27 ,3  ,17  ,1.8 ,1  ,""" YDRSKLDKR + Biotin (K); Phospho (ST)"""
427  ,379.2324  ,756.4502  ,756.4494  ,1.09 ,0  ,17  ,0.27 ,1  ,""" DVIGVVR"""
5050  ,396.8914  ,1187.6523  ,1187.6523  ,-0.03 ,0  ,17  ,0.57 ,1  ,""" AAAARPGAPGPRP"""
12620  ,1039.5107  ,2077.0068  ,2076.9973  ,4.62 ,1  ,17  ,7.7 ,1  ,""" CVNGSVFINSSTLAKGPTG + Biotin (K)"""
468  ,381.1915  ,1140.5527  ,1140.5523  ,0.29 ,0  ,17  ,1.1 ,1  ,""" LGIHEDSTNR"""
4606  ,574.2756  ,1146.5366  ,1146.5404  ,-3.36 ,1  ,17  ,3.2 ,1  ,""" KTDDLAAELDG"""
3056  ,507.3033  ,1012.5920  ,1012.5917  ,0.33 ,1  ,17  ,0.22 ,1  ,""" LVDVLRDAI"""
237  ,366.2011  ,730.3876  ,730.3861  ,2.11 ,0  ,17  ,0.34 ,1  ,""" AEGVDIK"""
1965  ,458.2432  ,1371.7077  ,1371.7051  ,1.88 ,1  ,17  ,1.4 ,1  ,""" KDTLIGYVTIGI + Phospho (ST)"""
14066  ,653.0641  ,2608.2273  ,2608.2365  ,-3.54 ,2  ,17  ,4.7 ,1  ,""" LTLWLEAQQTCPTCRQKVK + Biotin (K); Carbamidomethyl (C); Phospho (ST)"""
7161  ,683.3439  ,1364.6732  ,1364.6798  ,-4.86 ,1  ,17  ,3.9 ,1  ,""" QYQLALEKF + Biotin (K)"""
12769  ,1051.5009  ,2100.9872  ,2100.9808  ,3.05 ,3  ,17  ,9.7 ,1  ,""" MLKLASSLRTGLISRSI + Oxidation (M); 3 Phospho (ST)"""
5252  ,603.3108  ,1806.9107  ,1806.9112  ,-0.27 ,0  ,17  ,2.8 ,1  ,""" SQVFSTAADGQTQVQIK"""
2262  ,472.2696  ,942.5246  ,942.5247  ,-0.03 ,1  ,17  ,1.1 ,1  ,""" KSAINTGPR"""
11121  ,900.3918  ,2698.1537  ,2698.1420  ,4.36 ,1  ,17  ,7.9 ,1  ,""" GKILTTSLLIAMTFAAPSTEEGK + 4 Phospho (ST)"""
2250  ,471.8903  ,1412.6490  ,1412.6436  ,3.78 ,1  ,17  ,1.7 ,1  ,""" KSGPTVTTVESVE + Phospho (ST)"""
9936  ,814.4605  ,2440.3597  ,2440.3624  ,-1.10 ,3  ,17  ,0.78 ,1  ,""" LARKLVAEDQAFSVISKAIR + Biotin (K)"""
10564  ,854.3888  ,2560.1445  ,2560.1478  ,-1.28 ,1  ,17  ,7.6 ,1  ,""" TSDDAKQIVSSFMLSVSAVVMSY + Oxidation (M); Phospho (Y)"""
11196  ,905.4338  ,1808.8530  ,1808.8516  ,0.80 ,0  ,16  ,7.7 ,1  ,""" NPSIELVGSWTCAYGR + Carbamidomethyl (C)"""
2602  ,487.2509  ,972.4872  ,972.4876  ,-0.36 ,1  ,16  ,0.49 ,1  ,""" IIEQRGEE"""
4476  ,567.9773  ,1700.9100  ,1700.9045  ,3.25 ,3  ,16  ,0.98 ,1  ,""" KDHWRKHSIIR + Biotin (K)"""
7571  ,699.3352  ,1396.6558  ,1396.6495  ,4.50 ,1  ,16  ,1.5 ,1  ,""" AGIMSKLLDK + Biotin (K); Oxidation (M); Phospho (ST)"""
7746  ,705.0251  ,2112.0534  ,2112.0533  ,0.05 ,3  ,16  ,2.4 ,1  ,""" AIEVPPPKESYAVRIRK + Phospho (ST); Phospho (Y)"""
9002  ,761.3578  ,1520.7011  ,1520.6952  ,3.84 ,0  ,16  ,2 ,1  ,""" LDQPYFVVYLAN + Phospho (Y)"""
11290  ,912.4152  ,2734.2238  ,2734.2121  ,4.28 ,3  ,16  ,9.1 ,1  ,""" GFGFTLAGKDDFKLFKFTASSQY + Phospho (ST); Phospho (Y)"""
996  ,409.2429  ,1224.7068  ,1224.7012  ,4.58 ,1  ,16  ,0.94 ,1  ,""" IMPALLRQAVN"""
12113  ,659.6312  ,1975.8718  ,1975.8662  ,2.85 ,2  ,16  ,3.3 ,1  ,""" GQLCTVLKSRNTIT + Biotin (K); Carbamidomethyl (C); 2 Phospho (ST)"""
6407  ,435.5754  ,1303.7043  ,1303.7037  ,0.43 ,1  ,16  ,0.67 ,1  ,""" KSGYQALPWVR"""
440  ,379.7419  ,757.4693  ,757.4698  ,-0.66 ,1  ,16  ,0.26 ,1  ,""" KIGVDVK"""
5310  ,605.3268  ,1208.6390  ,1208.6401  ,-0.90 ,1  ,16  ,2 ,1  ,""" QTYNKTATLVA"""
7064  ,679.3217  ,2034.9433  ,2034.9347  ,4.26 ,1  ,16  ,5.1 ,1  ,""" VSDHHALSQVGMKVFER + Oxidation (M); Phospho (ST)"""
5807  ,626.3075  ,1250.6004  ,1250.5999  ,0.47 ,2  ,16  ,1.3 ,1  ,""" DKMNLEKMNL + Oxidation (M)"""
10945  ,884.3863  ,1766.7581  ,1766.7620  ,-2.24 ,0  ,16  ,2.5 ,1  ,""" QGTSFTQLMVAETMK + Oxidation (M); Phospho (ST)"""
840  ,401.9016  ,1202.6830  ,1202.6812  ,1.52 ,0  ,16  ,0.48 ,1  ,""" AFIGKPAPQFK"""
1003  ,409.7340  ,817.4535  ,817.4545  ,-1.28 ,0  ,16  ,0.38 ,1  ,""" TELSQIK"""
8116  ,721.0223  ,2160.0452  ,2160.0435  ,0.76 ,2  ,16  ,3.1 ,1  ,""" QFDRRPSRWTQGSWK + Biotin (K)"""
4792  ,581.6151  ,1741.8235  ,1741.8158  ,4.40 ,2  ,16  ,2.6 ,1  ,""" EGNYEEALKKFNEAT"""
11552  ,934.4177  ,2800.2312  ,2800.2172  ,4.97 ,2  ,16  ,9.1 ,1  ,""" RTQAVEYFAECCLCPKNETFVR + 2 Carbamidomethyl (C); Phospho (ST)"""
10305  ,836.3690  ,1670.7234  ,1670.7277  ,-2.61 ,3  ,16  ,7.4 ,1  ,""" RSKSSSSSVSALSKT + 2 Phospho (ST)"""
11394  ,920.4114  ,1838.8083  ,1838.8121  ,-2.09 ,0  ,16  ,2.9 ,1  ,""" QLHLTSSENEIETMK + Phospho (ST)"""
3251  ,514.5786  ,1540.7140  ,1540.7208  ,-4.41 ,0  ,16  ,2 ,1  ,""" LPALAVSSSQMQLT + Oxidation (M); Phospho (ST)"""
1554  ,435.5570  ,1303.6493  ,1303.6521  ,-2.13 ,0  ,16  ,1.3 ,1  ,""" AGDHVTIVSYSR"""
2125  ,465.7850  ,929.5554  ,929.5546  ,0.87 ,1  ,16  ,0.46 ,1  ,""" KGDVLTVAK"""
4383  ,565.2679  ,1692.7818  ,1692.7889  ,-4.18 ,0  ,16  ,3.2 ,1  ,""" AATVLVSYVVDQLR + Phospho (ST); Phospho (Y)"""
6834  ,670.2927  ,2007.8563  ,2007.8610  ,-2.34 ,0  ,16  ,4.7 ,1  ,""" MPSSILSELYPTMPSPY + Oxidation (M); Phospho (ST)"""
10821  ,875.4807  ,1748.9469  ,1748.9429  ,2.25 ,2  ,16  ,1.6 ,1  ,""" AKSRPDVIGKVK + 2 Biotin (K)"""
867  ,403.2332  ,804.4517  ,804.4494  ,2.95 ,0  ,16  ,0.77 ,1  ,""" AAFDIIR"""
5582  ,617.2967  ,1848.8684  ,1848.8635  ,2.64 ,1  ,16  ,4.1 ,1  ,""" AANSNAQNAMSSSKVQLE"""
886  ,404.2038  ,806.3930  ,806.3956  ,-3.26 ,0  ,16  ,0.45 ,1  ,""" IAEMSTR"""
4334  ,563.3116  ,1686.9131  ,1686.9152  ,-1.22 ,1  ,16  ,1.4 ,1  ,""" KETATISEVLQAIER"""
5676  ,621.3217  ,1240.6288  ,1240.6241  ,3.80 ,0  ,16  ,3.3 ,1  ,""" AGIQFYTQWK"""
7848  ,354.9366  ,1415.7173  ,1415.7231  ,-4.11 ,1  ,16  ,1.4 ,1  ,""" QLWMAPEVIRGT + Oxidation (M)"""
9178  ,770.3914  ,2308.1524  ,2308.1612  ,-3.78 ,2  ,16  ,4.5 ,1  ,""" TAETLANKIVPLFILCKE + Biotin (K); Phospho (ST)"""
1449  ,431.8857  ,1292.6352  ,1292.6361  ,-0.67 ,0  ,16  ,1.3 ,1  ,""" DVLSVAFSADNR"""
4384  ,565.2737  ,1128.5328  ,1128.5346  ,-1.55 ,0  ,16  ,3.4 ,1  ,""" NTHEAAMALR + Oxidation (M)"""
4740  ,579.7747  ,1157.5348  ,1157.5353  ,-0.44 ,0  ,16  ,1.2 ,1  ,""" AGYFTDESLR"""
1224  ,422.2602  ,842.5058  ,842.5086  ,-3.37 ,2  ,16  ,0.35 ,1  ,""" KSRSLPR"""
4533  ,571.2770  ,1140.5395  ,1140.5362  ,2.84 ,1  ,16  ,1.1 ,1  ,""" SKCIIDGLR + Carbamidomethyl (C); Phospho (ST)"""
2348  ,475.7874  ,949.5601  ,949.5597  ,0.50 ,0  ,16  ,0.21 ,1  ,""" TTIVFTLR"""
673  ,394.7165  ,787.4185  ,787.4188  ,-0.43 ,0  ,16  ,0.46 ,1  ,""" GGLITGDR"""
13334  ,738.3632  ,2212.0679  ,2212.0656  ,1.02 ,2  ,16  ,3.8 ,1  ,""" KDSAHLIEKTSFAGGTV + 2 Biotin (K)"""
2181  ,467.9095  ,1400.7067  ,1400.7088  ,-1.51 ,1  ,16  ,1.3 ,1  ,""" GFKDQIYEVFR"""
1176  ,420.1894  ,838.3642  ,838.3677  ,-4.20 ,0  ,16  ,0.29 ,1  ,""" TAMDMVR + Oxidation (M)"""
13231  ,547.5234  ,2186.0646  ,2186.0619  ,1.26 ,1  ,16  ,3.5 ,1  ,""" KHFPSINWLISYSEYMR + Oxidation (M)"""
1004  ,409.7347  ,817.4548  ,817.4545  ,0.41 ,1  ,16  ,0.43 ,1  ,""" KSDLVEK"""
3841  ,541.6313  ,1621.8720  ,1621.8749  ,-1.79 ,1  ,16  ,0.98 ,1  ,""" KDVTPMIPKPSPDVV"""
4021  ,549.2485  ,1644.7238  ,1644.7276  ,-2.32 ,2  ,16  ,3.3 ,1  ,""" LTCKECGKDYDWK + Carbamidomethyl (C)"""
257  ,367.1788  ,732.3430  ,732.3402  ,3.77 ,0  ,16  ,0.15 ,1  ,""" GDLADSR"""
5542  ,615.6338  ,1843.8795  ,1843.8824  ,-1.56 ,2  ,16  ,3 ,1  ,""" KLMEQKEEAMLVATK + Oxidation (M); Phospho (ST)"""
2157  ,467.2251  ,932.4357  ,932.4312  ,4.89 ,0  ,16  ,2.3 ,1  ,""" ASSEQQQR"""
2326  ,474.7535  ,947.4925  ,947.4923  ,0.18 ,0  ,16  ,0.62 ,1  ,""" ATSAISEAAK"""
4473  ,378.8671  ,1133.5796  ,1133.5798  ,-0.15 ,2  ,16  ,0.89 ,1  ,""" SGLCRRCLVQ"""
5693  ,621.8212  ,1241.6278  ,1241.6292  ,-1.12 ,1  ,16  ,1.3 ,1  ,""" AILTDYFASKN"""
6093  ,638.8102  ,1275.6059  ,1275.6112  ,-4.10 ,0  ,16  ,1.3 ,1  ,""" GASLFLLSSSSK + Phospho (ST)"""
10948  ,884.4546  ,1766.8946  ,1766.9008  ,-3.50 ,0  ,16  ,4.7 ,1  ,""" LITLTFSYFVLTNR + Phospho (Y)"""
1151  ,417.2117  ,832.4088  ,832.4079  ,1.05 ,0  ,16  ,1.7 ,1  ,""" SSLDHFK"""
13106  ,724.0069  ,2168.9990  ,2169.0078  ,-4.09 ,0  ,16  ,4.3 ,1  ,""" HLVFCSPSGVSLGQLPPSQH + Phospho (ST)"""
3172  ,510.8321  ,1019.6496  ,1019.6492  ,0.46 ,0  ,16  ,0.43 ,1  ,""" VIVIPAGVPR"""
6577  ,659.6459  ,1975.9158  ,1975.9088  ,3.56 ,2  ,16  ,3.5 ,1  ,""" ASCVSRVGYEWSLRAGR + Phospho (ST)"""
12632  ,1041.0364  ,2080.0582  ,2080.0540  ,2.05 ,2  ,16  ,3.1 ,1  ,""" NASKLNLIDLYVGRAK + Biotin (K); Phospho (Y)"""
2487  ,481.7433  ,961.4720  ,961.4763  ,-4.52 ,1  ,16  ,0.9 ,1  ,""" EALQSRCR"""
5022  ,395.2194  ,1182.6365  ,1182.6413  ,-4.08 ,2  ,16  ,0.64 ,1  ,""" KVKGSPLYLV + Phospho (Y)"""
6044  ,636.3883  ,1270.7621  ,1270.7609  ,0.95 ,2  ,16  ,0.39 ,1  ,""" KKVSIAPVSTNK"""
707  ,396.1881  ,1185.5425  ,1185.5464  ,-3.31 ,0  ,16  ,1.3 ,1  ,""" SLMEISSALR + Phospho (ST)"""
1587  ,436.7821  ,871.5497  ,871.5491  ,0.70 ,2  ,16  ,0.29 ,1  ,""" EKNKLIK"""
9160  ,769.3965  ,1536.7785  ,1536.7858  ,-4.74 ,0  ,16  ,1.5 ,1  ,""" QMLYPTVDTQVVK + Oxidation (M)"""
3390  ,523.7774  ,1045.5403  ,1045.5404  ,-0.08 ,0  ,16  ,0.9 ,1  ,""" IDELSLGGSR"""
3391  ,523.7776  ,1045.5405  ,1045.5403  ,0.20 ,0  ,16  ,0.91 ,1  ,""" LSSEALEAAR"""
8331  ,729.7306  ,2186.1699  ,2186.1736  ,-1.65 ,2  ,16  ,1.5 ,1  ,""" FAVSNVIGKGGYGTVYKGELK"""
1301  ,425.7191  ,849.4236  ,849.4266  ,-3.56 ,1  ,16  ,0.8 ,1  ,""" QEKTMLT"""
4522  ,570.6084  ,1708.8034  ,1708.8058  ,-1.45 ,3  ,16  ,2.7 ,1  ,""" GALKEAMRCLKCADA + 2 Carbamidomethyl (C); Oxidation (M)"""
4252  ,559.8064  ,1117.5982  ,1117.5961  ,1.93 ,3  ,16  ,0.91 ,1  ,""" CRRKMPVR + Carbamidomethyl (C); Oxidation (M)"""
9612  ,529.6385  ,1585.8938  ,1585.8949  ,-0.69 ,2  ,16  ,0.51 ,1  ,""" HLVKKAVAIR + 2 Biotin (K)"""
1654  ,439.7274  ,877.4403  ,877.4406  ,-0.30 ,0  ,16  ,0.65 ,1  ,""" QGNFSIGR"""
5016  ,591.7729  ,1181.5312  ,1181.5353  ,-3.44 ,0  ,16  ,1.3 ,1  ,""" EYGTVHGYEK"""
14330  ,1435.6608  ,2869.3070  ,2869.3092  ,-0.76 ,1  ,16  ,7.8 ,1  ,""" SAISPDTKSFAIPTLADEGSSSKPAS + Biotin (K); Phospho (ST)"""
7577  ,466.5770  ,1396.7093  ,1396.7149  ,-4.03 ,0  ,16  ,1.4 ,1  ,""" VTISTCGLAALIR + Phospho (ST)"""
3574  ,531.2772  ,1060.5399  ,1060.5400  ,-0.16 ,0  ,16  ,1 ,1  ,""" DVLESLETR"""
4850  ,583.9892  ,1748.9458  ,1748.9429  ,1.62 ,2  ,16  ,0.89 ,1  ,""" AKSRPDVIGKVK + 2 Biotin (K)"""
5943  ,632.3142  ,1262.6139  ,1262.6111  ,2.24 ,0  ,16  ,1.5 ,1  ,""" QSAICNMVAAAK + Carbamidomethyl (C)"""
9968  ,817.3701  ,1632.7256  ,1632.7331  ,-4.60 ,2  ,16  ,8.2 ,1  ,""" SSMFATPKQEQKR + Oxidation (M); Phospho (ST)"""
11716  ,948.1146  ,2841.3219  ,2841.3111  ,3.77 ,0  ,16  ,6.9 ,1  ,""" ASDASMEMLTSLMNGAVAAAAAPGNALVK + Phospho (ST)"""
7031  ,678.3159  ,2031.9258  ,2031.9343  ,-4.20 ,0  ,16  ,5.9 ,1  ,""" YAWLSPDGISIGNVNIYA + Phospho (Y)"""
89  ,356.2071  ,1065.5994  ,1065.5947  ,4.34 ,2  ,16  ,0.49 ,1  ,""" VAIVSKRLT + Phospho (ST)"""
2764  ,493.7480  ,985.4814  ,985.4829  ,-1.53 ,0  ,16  ,0.34 ,1  ,""" TPTNPSDVR"""
11018  ,891.3744  ,1780.7342  ,1780.7339  ,0.19 ,1  ,16  ,8.2 ,1  ,""" MSANRTVTVFSSSAED + Phospho (ST)"""
665  ,394.2507  ,786.4868  ,786.4851  ,2.15 ,0  ,16  ,0.12 ,1  ,""" LTLEALK"""
11300  ,913.4211  ,1824.8277  ,1824.8329  ,-2.83 ,1  ,16  ,11 ,1  ,""" TPTGIVQDRSMIPISD + Oxidation (M); Phospho (ST)"""
4165  ,555.3030  ,1108.5914  ,1108.5876  ,3.39 ,1  ,16  ,2 ,1  ,""" DSTNLLYKR"""
7837  ,708.3651  ,1414.7155  ,1414.7205  ,-3.47 ,0  ,16  ,4.2 ,1  ,""" LSNNHITFINDK"""
8507  ,737.4373  ,1472.8601  ,1472.8562  ,2.63 ,0  ,16  ,0.23 ,1  ,""" IISQVVSSITASLR"""
11031  ,892.9770  ,1783.9394  ,1783.9372  ,1.25 ,1  ,16  ,1.4 ,1  ,""" IDFIDLLELSLASKK + Phospho (ST)"""
12105  ,658.9612  ,1973.8618  ,1973.8520  ,4.94 ,1  ,16  ,3.8 ,1  ,""" PNREFDPNFSTVTENK + Phospho (ST)"""
1157  ,417.7052  ,833.3958  ,833.3953  ,0.70 ,1  ,16  ,0.59 ,1  ,""" KLMENAE"""
5182  ,400.5148  ,1198.5225  ,1198.5278  ,-4.41 ,2  ,16  ,1.4 ,1  ,""" KRGTENMQR + Phospho (ST)"""
3839  ,541.2800  ,1080.5454  ,1080.5451  ,0.29 ,0  ,16  ,0.97 ,1  ,""" TLSDYNIQK"""
14274  ,699.5827  ,2794.3018  ,2794.2988  ,1.06 ,1  ,16  ,7.1 ,1  ,""" QLLCDKCLLQWSLPVYAQTSIR + Carbamidomethyl (C); 2 Phospho (ST)"""
7493  ,696.3434  ,1390.6722  ,1390.6758  ,-2.55 ,3  ,16  ,1.9 ,1  ,""" KNKYNTPKYR + Phospho (Y)"""
12022  ,654.3003  ,1959.8789  ,1959.8849  ,-3.03 ,1  ,16  ,3.8 ,1  ,""" ADVPYIIHPCHSMKGR + Carbamidomethyl (C); Phospho (ST)"""
6108  ,639.3192  ,1276.6237  ,1276.6176  ,4.78 ,0  ,16  ,4.5 ,1  ,""" QIETIHISTR + Phospho (ST)"""
6252  ,645.8066  ,1289.5985  ,1289.6033  ,-3.70 ,1  ,16  ,1.6 ,1  ,""" KQSSLLSVLGV + 2 Phospho (ST)"""
9191  ,514.2827  ,1539.8264  ,1539.8257  ,0.49 ,1  ,16  ,1.1 ,1  ,""" LGKLDATVHGEVSSK"""
11330  ,914.4719  ,1826.9291  ,1826.9291  ,0.01 ,2  ,16  ,2.2 ,1  ,""" QNTIEGTVAAIRKSIF + Phospho (ST)"""
8110  ,720.8089  ,1439.6033  ,1439.6052  ,-1.30 ,0  ,16  ,2 ,1  ,""" NQDSEYVEAEEK"""
8666  ,744.3678  ,2230.0816  ,2230.0745  ,3.17 ,1  ,16  ,6 ,1  ,""" TLDLLLDSGFFKMDHSALK + Phospho (ST)"""
12104  ,658.9611  ,1973.8613  ,1973.8649  ,-1.82 ,1  ,16  ,3.9 ,1  ,""" KTDTPTFDHINSLVAR + 2 Phospho (ST)"""
682  ,394.9067  ,1181.6984  ,1181.6992  ,-0.73 ,2  ,16  ,0.27 ,1  ,""" RNRQPLSLAK"""
1165  ,418.2584  ,1251.7533  ,1251.7591  ,-4.64 ,1  ,16  ,0.18 ,1  ,""" YLLQIFKISK"""
331  ,374.5164  ,1120.5274  ,1120.5318  ,-3.87 ,1  ,16  ,1.1 ,1  ,""" YLVEKYAR + Phospho (Y)"""
3784  ,539.2695  ,1076.5244  ,1076.5284  ,-3.74 ,0  ,16  ,0.95 ,1  ,""" EIAMLNSQR + Oxidation (M)"""
441  ,379.7423  ,757.4701  ,757.4698  ,0.42 ,0  ,16  ,0.32 ,1  ,""" AGLAVLSK"""
10725  ,865.9219  ,1729.8292  ,1729.8215  ,4.48 ,2  ,16  ,3 ,1  ,""" MVKNCGKDGFHLR + Biotin (K)"""
