Peptide matches not assigned to protein hits: (no details means no match),,,,,,,,,,
      ,Query  ,Observed  ,Mr(expt)  ,Mr(calc)  , ppm  ,Miss ,Score ,Expect ,Rank , Peptide
,15818  ,943.4714  ,2827.3925  ,2827.3802  ,4.36 ,2  ,30  ,0.28 ,1  ,""" PPRGLKMSATFIGNSTAIQELFK + Biotin (K); Oxidation (M); Phospho (ST)"""
,4617  ,515.2776  ,1028.5407  ,1028.5437  ,-2.83 ,3  ,28  ,0.14 ,1  ,""" EKRAAKT + Biotin (K)"""
,12060  ,753.3821  ,2257.1246  ,2257.1334  ,-3.89 ,2  ,26  ,0.49 ,1  ,""" VKDGKTLNDELELIEGMK + Biotin (K)"""
,9641  ,447.8969  ,1340.6688  ,1340.6645  ,3.21 ,1  ,26  ,0.14 ,1  ,""" EEAAEAAAKLI + Biotin (K)"""
,9253  ,658.8721  ,1315.7297  ,1315.7322  ,-1.91 ,0  ,25  ,0.12 ,1  ,""" STLVLHPPVK + Biotin (K)"""
,7516  ,604.8170  ,1207.6195  ,1207.6148  ,3.92 ,3  ,23  ,0.17 ,1  ,""" KAATKKQK + Biotin (K); Phospho (ST)"""
,4742  ,522.2895  ,1042.5645  ,1042.5633  ,1.16 ,1  ,23  ,0.25 ,1  ,""" NPFKLAK + Biotin (K)"""
,6447  ,571.3107  ,1710.9104  ,1710.9160  ,-3.32 ,2  ,23  ,0.35 ,1  ,""" LNKQVKSMLQSPI + Biotin (K)"""
,5454  ,541.2844  ,1620.8313  ,1620.8357  ,-2.74 ,3  ,23  ,0.49 ,1  ,""" AGITCLRRLKK + Biotin (K); Carbamidomethyl (C); Phospho (ST)"""
,16658  ,1025.5332  ,2049.0518  ,2049.0614  ,-4.64 ,1  ,23  ,0.44 ,1  ,""" QMLAGVGITWMVYKVK + Biotin (K)"""
,16311  ,989.9876  ,1977.9605  ,1977.9529  ,3.87 ,2  ,22  ,0.76 ,1  ,""" KSELLLAGECLGRAR + Biotin (K); Carbamidomethyl (C); Phospho (ST)"""
,15753  ,938.9542  ,1875.8939  ,1875.8884  ,2.94 ,0  ,22  ,0.75 ,1  ,""" DVEVSGTNSTALSSVGK + Biotin (K)"""
,4616  ,515.2775  ,1028.5405  ,1028.5437  ,-3.08 ,3  ,22  ,0.24 ,1  ,""" EKRAAKT + Biotin (K)"""
,13836  ,827.3650  ,2479.0731  ,2479.0743  ,-0.45 ,2  ,22  ,2.2 ,1  ,""" KDLGADEVITQEELYSRK + Biotin (K); 2 Phospho (ST)"""
,10009  ,682.3541  ,1362.6936  ,1362.6869  ,4.87 ,0  ,21  ,0.98 ,1  ,""" LELLESLLK + Biotin (K); Phospho (ST)"""
,9643  ,671.3439  ,2011.0100  ,2011.0101  ,-0.07 ,1  ,21  ,1.1 ,1  ,""" TLSLVVKSIEGFDIGK + Biotin (K); Phospho (ST)"""
,8767  ,642.3244  ,1923.9514  ,1923.9504  ,0.51 ,1  ,21  ,1.2 ,1  ,""" AMPFIPLTFNAIKR + Biotin (K); Phospho (ST)"""
,13286  ,801.4002  ,2401.1788  ,2401.1712  ,3.16 ,1  ,21  ,1.9 ,1  ,""" EVLLGKISSQTLNVNSHEK + Biotin (K); Phospho (ST)"""
,3528  ,480.5785  ,1438.7136  ,1438.7083  ,3.68 ,0  ,21  ,0.54 ,1  ,""" WALNLIYLK + Biotin (K); Phospho (Y)"""
,13433  ,808.3818  ,1614.7491  ,1614.7534  ,-2.66 ,1  ,21  ,2.7 ,1  ,""" KECGQFGLEPPK + Biotin (K); Carbamidomethyl (C)"""
,15167  ,899.4687  ,1796.9228  ,1796.9165  ,3.54 ,1  ,20  ,1.4 ,1  ,""" VTSSTVTINKAPK + 2 Biotin (K)"""
,6871  ,584.3096  ,1749.9071  ,1749.9100  ,-1.66 ,3  ,20  ,0.87 ,1  ,""" SLKKIIDVKSVNT + Biotin (K); Phospho (ST)"""
,8201  ,625.3023  ,1872.8851  ,1872.8822  ,1.55 ,2  ,20  ,1.8 ,1  ,""" GKLIDDGSGDRMEVR + Biotin (K)"""
,11981  ,750.8994  ,1499.7841  ,1499.7840  ,0.10 ,1  ,20  ,0.5 ,1  ,""" VTAKQCLVEVK + Biotin (K); Carbamidomethyl (C)"""
,13214  ,532.5762  ,1594.7067  ,1594.7087  ,-1.28 ,3  ,20  ,0.93 ,1  ,""" KKMTMKSLVK + Biotin (K); Oxidation (M); 2 Phospho (ST)"""
,5392  ,539.6111  ,1615.8116  ,1615.8113  ,0.17 ,3  ,20  ,0.84 ,1  ,""" QDAHSQKKRHR + Biotin (K)"""
,17654  ,819.7187  ,2456.1342  ,2456.1368  ,-1.05 ,1  ,19  ,2.4 ,1  ,""" IDNQNKVTTILEEIDFMK + Biotin (K); Phospho (ST)"""
,10786  ,709.3560  ,2125.0461  ,2125.0495  ,-1.64 ,2  ,19  ,2.1 ,1  ,""" CLNHGELKPRKGHK + 2 Biotin (K); Carbamidomethyl (C)"""
,3918  ,493.2543  ,1476.7412  ,1476.7469  ,-3.83 ,1  ,19  ,0.98 ,1  ,""" QGMVDKLLGYK + Biotin (K)"""
,13251  ,799.9332  ,1597.8519  ,1597.8497  ,1.36 ,3  ,19  ,0.75 ,1  ,""" KNVQEEAVKIKS + Biotin (K)"""
,17877  ,888.7946  ,2663.3621  ,2663.3723  ,-3.83 ,2  ,19  ,1.2 ,1  ,""" FVFENYIFVPLAHFLSRKNP + Biotin (K)"""
,8520  ,635.3117  ,1268.6089  ,1268.6071  ,1.42 ,0  ,19  ,2.1 ,1  ,""" TDSHIETLK + Biotin (K)"""
,10476  ,699.3617  ,1396.7088  ,1396.7094  ,-0.43 ,0  ,19  ,0.78 ,1  ,""" VVDDLAPCVIK + Biotin (K)"""
,9446  ,664.3352  ,1326.6559  ,1326.6601  ,-3.22 ,1  ,18  ,2.3 ,1  ,""" QNNKEIDLK + Biotin (K)"""
,13025  ,790.4131  ,2368.2174  ,2368.2078  ,4.07 ,3  ,18  ,2.1 ,1  ,""" ENHLIFALKCKNCRLQR + Biotin (K); Carbamidomethyl (C)"""
,8014  ,619.6621  ,1855.9643  ,1855.9648  ,-0.24 ,3  ,18  ,0.98 ,1  ,""" QELKMAELRIQKQ + Biotin (K); Oxidation (M)"""
,14298  ,850.3910  ,1698.7674  ,1698.7680  ,-0.34 ,1  ,18  ,5.4 ,1  ,""" AAKHASLCFDK + 2 Biotin (K); Carbamidomethyl (C)"""
,11028  ,717.4015  ,1432.7884  ,1432.7877  ,0.53 ,1  ,18  ,0.74 ,1  ,""" VLKILATLTR + Biotin (K); Phospho (ST)"""
,14204  ,844.8970  ,1687.7794  ,1687.7793  ,0.05 ,1  ,18  ,1.7 ,1  ,""" SAINPLLADGHKF + Biotin (K); Phospho (ST)"""
,11343  ,727.8414  ,1453.6683  ,1453.6710  ,-1.83 ,3  ,18  ,1.3 ,1  ,""" KMKISDEKVA + Biotin (K); Phospho (ST)"""
,13481  ,810.3515  ,2428.0327  ,2428.0379  ,-2.14 ,1  ,18  ,4.9 ,1  ,""" MNVLGMIFSMCGLMIRMK + Biotin (K); 3 Oxidation (M); Phospho (ST)"""
,9256  ,658.9844  ,1973.9315  ,1973.9290  ,1.26 ,3  ,17  ,2.5 ,1  ,""" KKKGVDLVSSR + 3 Biotin (K); Phospho (ST)"""
,7928  ,616.8028  ,1231.5910  ,1231.5940  ,-2.43 ,1  ,17  ,1.1 ,1  ,""" KMLNLDEK + Biotin (K); Oxidation (M)"""
,3772  ,488.3016  ,1461.8829  ,1461.8853  ,-1.68 ,2  ,17  ,0.18 ,1  ,""" IIKVIRNGVKP + Biotin (K)"""
,8173  ,623.8369  ,1245.6591  ,1245.6573  ,1.48 ,2  ,17  ,1 ,1  ,""" KSMRELLK + Biotin (K); Oxidation (M)"""
,7841  ,614.3264  ,1226.6381  ,1226.6441  ,-4.86 ,1  ,17  ,2.2 ,1  ,""" KTIAPASASR + Biotin (K)"""
,13329  ,803.3702  ,1604.7259  ,1604.7293  ,-2.10 ,0  ,17  ,1.8 ,1  ,""" HYDSIFLENNK + Biotin (K)"""
,8330  ,628.8525  ,1255.6904  ,1255.6958  ,-4.28 ,3  ,17  ,0.85 ,1  ,""" ADAKLKKEK + Biotin (K)"""
,10153  ,687.3656  ,1372.7166  ,1372.7173  ,-0.47 ,1  ,17  ,1 ,1  ,""" NPSLEKLLPH + Biotin (K)"""
,10433  ,697.3378  ,1392.6610  ,1392.6584  ,1.84 ,2  ,17  ,1.4 ,1  ,""" NDVKKLNTR + Biotin (K); Phospho (ST)"""
,7429  ,602.3149  ,1202.6152  ,1202.6151  ,0.05 ,2  ,17  ,0.99 ,1  ,""" KGVSDLCKK + Biotin (K)"""
,6436  ,571.2707  ,1140.5268  ,1140.5250  ,1.62 ,2  ,17  ,3.5 ,1  ,""" KALTSSKT + Biotin (K); Phospho (ST)"""
,15268  ,905.4847  ,1808.9548  ,1808.9494  ,2.96 ,2  ,17  ,2.2 ,1  ,""" NSKKVVDYYNIIK + Biotin (K)"""
,14224  ,846.3679  ,2536.0819  ,2536.0820  ,-0.05 ,1  ,16  ,6.9 ,1  ,""" LKSGEIVMGGFATLQSDPGFP + Biotin (K); 2 Phospho (ST)"""
,6609  ,576.2882  ,1150.5618  ,1150.5569  ,4.23 ,2  ,16  ,1.1 ,1  ,""" KANVKTGK + Biotin (K); Phospho (ST)"""
,15232  ,904.0176  ,1806.0206  ,1806.0185  ,1.15 ,3  ,16  ,2.9 ,1  ,""" VDNDIKARKPIAKI + Biotin (K)"""
,15863  ,632.6530  ,1894.9372  ,1894.9400  ,-1.49 ,2  ,16  ,2.3 ,1  ,""" QFERLGTKWSYGVV + Biotin (K)"""
,15432  ,916.9557  ,1831.8969  ,1831.8999  ,-1.60 ,2  ,16  ,2.4 ,1  ,""" QQVSPQYRTKESR + Biotin (K)"""
,7992  ,619.2873  ,1854.8402  ,1854.8466  ,-3.45 ,2  ,16  ,4.5 ,1  ,""" DMYYKKAEISR + 2 Biotin (K)"""
,6477  ,572.2751  ,1713.8034  ,1713.7949  ,4.96 ,2  ,16  ,3.8 ,1  ,""" EEWKFVSKLSR + Biotin (K); Phospho (ST)"""
,6506  ,572.9661  ,1715.8764  ,1715.8811  ,-2.74 ,2  ,16  ,1.7 ,1  ,""" KAQTAAMNKISGVR + Biotin (K); Oxidation (M)"""
,10125  ,686.3694  ,2056.0863  ,2056.0874  ,-0.53 ,2  ,16  ,2.4 ,1  ,""" EIISRSTVDSQLLKIE + Biotin (K)"""
,14203  ,563.6001  ,1687.7785  ,1687.7793  ,-0.45 ,1  ,16  ,2.6 ,1  ,""" SAINPLLADGHKF + Biotin (K); Phospho (ST)"""
,14790  ,875.4797  ,1748.9448  ,1748.9429  ,1.07 ,2  ,16  ,1.7 ,1  ,""" AKSRPDVIGKVK + 2 Biotin (K)"""
,15471  ,919.3994  ,1836.7843  ,1836.7882  ,-2.15 ,2  ,16  ,9.1 ,1  ,""" ASYVAGKATLRISD + Biotin (K); Phospho (ST); Phospho (Y)"""
,7937  ,616.8290  ,1231.6435  ,1231.6383  ,4.23 ,1  ,16  ,1.3 ,1  ,""" ARNLYELK + Biotin (K)"""
,16589  ,1017.4726  ,2032.9306  ,2032.9274  ,1.58 ,1  ,16  ,11 ,1  ,""" DMYVDIFYKSIQTGQ + Biotin (K)"""
,12491  ,768.7340  ,2303.1802  ,2303.1727  ,3.24 ,2  ,16  ,2.5 ,1  ,""" CIAEFVESVKTVISKAK + 2 Biotin (K)"""
,7559  ,404.5666  ,1210.6780  ,1210.6743  ,3.03 ,1  ,16  ,0.48 ,1  ,""" KAENILLGK + Biotin (K)"""
,8638  ,638.3349  ,1911.9829  ,1911.9845  ,-0.84 ,3  ,16  ,2.9 ,1  ,""" CVATNLKGSRVKK + 2 Biotin (K); Carbamidomethyl (C)"""
,8474  ,633.6432  ,1897.9077  ,1897.9039  ,2.00 ,1  ,16  ,3.2 ,1  ,""" THVHQNGNGQVKK + 2 Biotin (K)"""
,13938  ,831.9319  ,1661.8492  ,1661.8575  ,-5.00 ,3  ,16  ,1.9 ,1  ,""" KPTVKKAATGEKV + Biotin (K); Phospho (ST)"""
,12885  ,785.3773  ,2353.1101  ,2353.1171  ,-2.95 ,2  ,16  ,7.3 ,1  ,""" NELSDVRLELGSTRLAMK + Biotin (K); Oxidation (M); Phospho (ST)"""
,14524  ,861.4647  ,2581.3722  ,2581.3815  ,-3.61 ,3  ,16  ,2.5 ,1  ,""" IDITKLRNLARLIAHLLSTD + Biotin (K); Phospho (ST)"""
,17219  ,1115.0404  ,2228.0662  ,2228.0734  ,-3.22 ,1  ,16  ,4.5 ,1  ,""" MSLGLERQLNSIVGYVK + Biotin (K); Oxidation (M); Phospho (ST)"""
,5295  ,537.2865  ,1072.5584  ,1072.5586  ,-0.22 ,2  ,15  ,0.89 ,1  ,""" KKDLESK + Biotin (K)"""
,15065  ,595.3266  ,1782.9581  ,1782.9549  ,1.78 ,1  ,15  ,1.1 ,1  ,""" ESGKTLAIQLLAEGK + Biotin (K)"""
,12739  ,778.7043  ,2333.0910  ,2333.0913  ,-0.11 ,3  ,15  ,5.6 ,1  ,""" TSITGKKSSTTSSKSGMMEK + Biotin (K); 2 Oxidation (M)"""
,8355  ,630.2864  ,1887.8373  ,1887.8412  ,-2.08 ,3  ,15  ,5.4 ,1  ,""" KSWDMDAVKFLRS + Biotin (K); Phospho (ST)"""
,11953  ,749.4089  ,2245.2050  ,2245.2149  ,-4.39 ,2  ,15  ,2.2 ,1  ,""" SVIMHPTAKILALKSGK + 2 Biotin (K)"""
,15457  ,918.4396  ,2752.2971  ,2752.2842  ,4.68 ,3  ,15  ,10 ,1  ,""" SVASELSSKFLTSRMRPKSQK + Biotin (K); 2 Phospho (ST)"""
,15263  ,905.4568  ,2713.3485  ,2713.3567  ,-3.03 ,2  ,15  ,7.2 ,1  ,""" PTKKSQVFSTAADGQTQVQIK + 2 Biotin (K)"""
,17466  ,1168.4641  ,2334.9136  ,2334.9250  ,-4.86 ,2  ,15  ,8 ,1  ,""" MSSESQSSSSGPSSSGSKMKD + Biotin (K); 2 Oxidation (M)"""
,8805  ,643.8331  ,1285.6516  ,1285.6561  ,-3.50 ,2  ,15  ,1.5 ,1  ,""" KASGDLTGRR + Biotin (K)"""
,11863  ,746.3471  ,1490.6797  ,1490.6857  ,-4.07 ,3  ,15  ,7.8 ,1  ,""" KLKCTDETRD + Biotin (K); Carbamidomethyl (C)"""
,5189  ,534.2930  ,1599.8571  ,1599.8629  ,-3.64 ,1  ,15  ,1.5 ,1  ,""" KVLSMYHIIVR + Biotin (K); Oxidation (M)"""
,14316  ,851.3912  ,2551.1517  ,2551.1504  ,0.49 ,3  ,15  ,11 ,1  ,""" RFKQLTEEMSVETVEVKI + Biotin (K); 2 Phospho (ST)"""
,16681  ,1029.0267  ,2056.0388  ,2056.0315  ,3.55 ,1  ,15  ,3 ,1  ,""" SAPSPPDLTIIPKISSK + Biotin (K); Phospho (ST)"""
,3900  ,492.5810  ,1474.7211  ,1474.7173  ,2.54 ,1  ,15  ,2.3 ,1  ,""" HKHDLDLICR + Biotin (K)"""
,4965  ,528.2675  ,1054.5204  ,1054.5229  ,-2.45 ,1  ,15  ,3.3 ,1  ,""" QDVPSKR + Biotin (K)"""
,3479  ,479.2772  ,956.5399  ,956.5365  ,3.58 ,1  ,15  ,0.64 ,1  ,""" KTILVTG + Biotin (K)"""
,8056  ,620.6741  ,1859.0006  ,1859.0045  ,-2.10 ,2  ,15  ,1.3 ,1  ,""" IISFIWHKLLKR + Biotin (K); Phospho (ST)"""
,1281  ,405.1929  ,1212.5569  ,1212.5597  ,-2.35 ,1  ,15  ,2.2 ,1  ,""" KQEHLDAF + Biotin (K)"""
,13073  ,792.4066  ,1582.7986  ,1582.7942  ,2.75 ,2  ,15  ,5.9 ,1  ,""" LSTVFKDIAKR + Biotin (K); Phospho (ST)"""
,17221  ,1115.9894  ,2229.9642  ,2229.9742  ,-4.45 ,1  ,15  ,5.7 ,1  ,""" KSLAANQAVQPSVTESSK + Biotin (K); 2 Phospho (ST)"""
,7356  ,600.2846  ,1797.8320  ,1797.8241  ,4.38 ,3  ,15  ,5.7 ,1  ,""" FISKKNRMAR + 2 Biotin (K); Oxidation (M); Phospho (ST)"""
,11226  ,724.3445  ,2170.0116  ,2170.0047  ,3.19 ,1  ,15  ,8 ,1  ,""" HIVFGAGSETIVALRSK + Biotin (K); 2 Phospho (ST)"""
,1871  ,425.5787  ,1273.7144  ,1273.7104  ,3.16 ,1  ,15  ,0.52 ,1  ,""" AYLKAILEK + Biotin (K)"""
,14540  ,862.4117  ,1722.8088  ,1722.8004  ,4.90 ,2  ,15  ,11 ,1  ,""" KPCKTENKCSFR + Biotin (K); Carbamidomethyl (C)"""
,9530  ,667.3372  ,1998.9898  ,1998.9987  ,-4.45 ,3  ,15  ,5.6 ,1  ,""" MTRKMILMKNHQNL + Biotin (K); Oxidation (M)"""
,17172  ,737.6819  ,2210.0238  ,2210.0337  ,-4.47 ,2  ,15  ,6.1 ,1  ,""" ERQRLAAATAAATMATQK + Biotin (K); Oxidation (M); Phospho (ST)"""
,13241  ,799.4244  ,2395.2515  ,2395.2617  ,-4.24 ,3  ,15  ,4.2 ,1  ,""" RALCTGEKGVGKSGKPLHFK + Biotin (K); Carbamidomethyl (C)"""
,7380  ,600.8022  ,1199.5898  ,1199.5903  ,-0.40 ,2  ,14  ,1.7 ,1  ,""" MNKVVRNN + Biotin (K)"""
,8151  ,623.3059  ,1244.5973  ,1244.6005  ,-2.63 ,1  ,14  ,5.8 ,1  ,""" DKQMLVNR + Biotin (K); Oxidation (M)"""
,6557  ,574.3559  ,1720.0459  ,1720.0433  ,1.51 ,3  ,14  ,0.17 ,1  ,""" IPLLKVKKLAESR + Biotin (K)"""
,5742  ,550.6299  ,1648.8678  ,1648.8615  ,3.83 ,3  ,14  ,1.8 ,1  ,""" KKKHMTALKP + 2 Biotin (K); Oxidation (M)"""
,7258  ,597.2935  ,1788.8587  ,1788.8577  ,0.60 ,3  ,14  ,5.8 ,1  ,""" KFEEAQKGRAEDR + Biotin (K)"""
,12525  ,770.4007  ,2308.1803  ,2308.1708  ,4.12 ,1  ,14  ,5.2 ,1  ,""" AMIKDLGLEWVILGHSER + Biotin (K); Oxidation (M)"""
,16603  ,1017.9761  ,2033.9376  ,2033.9315  ,3.01 ,1  ,14  ,5.6 ,1  ,""" ITTCLTFSASKSIGSR + Biotin (K); Carbamidomethyl (C); Phospho (ST)"""
,3821  ,490.2664  ,1467.7773  ,1467.7755  ,1.24 ,2  ,14  ,2.4 ,1  ,""" VVAEKVAGKLDN + Biotin (K)"""
,16720  ,1033.9971  ,2065.9796  ,2065.9730  ,3.23 ,2  ,14  ,5.3 ,1  ,""" QKELCTKFALALATSH + Biotin (K); Phospho (ST)"""
,7031  ,393.2310  ,1176.6713  ,1176.6689  ,2.07 ,1  ,14  ,0.47 ,1  ,""" ELAIKIHK + Biotin (K)"""
,13878  ,553.6078  ,1657.8016  ,1657.8011  ,0.30 ,2  ,14  ,3.6 ,1  ,""" KKTSTPRPTLSH + Biotin (K); Phospho (ST)"""
,7994  ,619.3093  ,1854.9062  ,1854.9154  ,-4.97 ,3  ,14  ,5.9 ,1  ,""" QMVKYKMSDKISR + Biotin (K); Oxidation (M)"""
,7217  ,397.8635  ,1190.5685  ,1190.5641  ,3.69 ,1  ,14  ,1.7 ,1  ,""" LEKDFADK + Biotin (K)"""
,11351  ,728.0471  ,2181.1194  ,2181.1148  ,2.07 ,2  ,14  ,3.2 ,1  ,""" LGKKVACLDFVKPSPQ + 2 Biotin (K)"""
,15521  ,615.3142  ,1842.9208  ,1842.9143  ,3.51 ,1  ,14  ,3.6 ,1  ,""" GLYWPLVFLKSSK + Biotin (K); Phospho (ST)"""
,820  ,387.2074  ,1158.6004  ,1158.6001  ,0.21 ,2  ,14  ,1.9 ,1  ,""" RKMTELR + Biotin (K)"""
,4071  ,497.2717  ,1488.7934  ,1488.7871  ,4.20 ,1  ,14  ,2.2 ,1  ,""" QRPHIIDGKTV + Biotin (K)"""
,14143  ,841.9030  ,1681.7914  ,1681.7990  ,-4.47 ,3  ,14  ,4 ,1  ,""" LKRCYEAGMKIE + Biotin (K); Oxidation (M)"""
,12194  ,379.6927  ,1514.7415  ,1514.7399  ,1.08 ,1  ,14  ,2.9 ,1  ,""" LKESGQETELR + Biotin (K)"""
,17049  ,1082.5463  ,3244.6171  ,3244.6165  ,0.19 ,0  ,14  ,11 ,1  ,""" GTVMAELLLGQPIFPGDSGVDQLVEIIK + Biotin (K); Phospho (ST)"""
,5850  ,553.6104  ,1657.8094  ,1657.8167  ,-4.43 ,1  ,14  ,3.6 ,1  ,""" KTLPTCSDGLEIR + Biotin (K)"""
,12053  ,752.8842  ,1503.7539  ,1503.7504  ,2.35 ,2  ,14  ,2.8 ,1  ,""" AYRKQQEEVK + Biotin (K)"""
,4428  ,509.9183  ,1526.7332  ,1526.7398  ,-4.37 ,1  ,14  ,3.4 ,1  ,""" LGKEQLEEEAR + Biotin (K)"""
,17545  ,1196.5981  ,3586.7725  ,3586.7622  ,2.86 ,3  ,14  ,13 ,1  ,""" KDGGYAIVQKDYEVGLTFGLEVEMRPRMK + Biotin (K); 2 Oxidation (M)"""
,17302  ,754.7403  ,2261.1990  ,2261.1912  ,3.44 ,2  ,14  ,2.1 ,1  ,""" ITRTTMRIELTITPDFK + Biotin (K)"""
,10856  ,711.3804  ,2131.1193  ,2131.1256  ,-2.98 ,3  ,14  ,4 ,1  ,""" LRCYLKRDKPFLK + 2 Biotin (K)"""
,10992  ,716.3584  ,1430.7022  ,1430.6971  ,3.58 ,1  ,14  ,7.7 ,1  ,""" ELDLMPLCKK + Biotin (K); Oxidation (M)"""
,11769  ,743.3672  ,1484.7199  ,1484.7189  ,0.67 ,2  ,14  ,2.9 ,1  ,""" DKVDMGKLK + 2 Biotin (K)"""
,33  ,352.1684  ,1053.4834  ,1053.4848  ,-1.34 ,1  ,14  ,1.4 ,1  ,""" ICRHGDK + Biotin (K)"""
,9466  ,664.8688  ,1327.7230  ,1327.7281  ,-3.89 ,2  ,14  ,1.8 ,1  ,""" KLSSNLKNAK + Biotin (K)"""
,5330  ,538.2500  ,1611.7282  ,1611.7215  ,4.13 ,1  ,14  ,5.7 ,1  ,""" QSTKSSTEIPTK + Biotin (K); Phospho (ST)"""
,8336  ,629.3150  ,1884.9232  ,1884.9139  ,4.94 ,0  ,14  ,6.2 ,1  ,""" VAQSTEIDDDAAALLK + Biotin (K)"""
,15792  ,941.4503  ,1880.8861  ,1880.8889  ,-1.51 ,3  ,14  ,16 ,1  ,""" QMVDALKKVSGRDI + Biotin (K); Oxidation (M); Phospho (ST)"""
,5486  ,542.7894  ,1083.5642  ,1083.5647  ,-0.50 ,1  ,14  ,1.3 ,1  ,""" NKAWLAR + Biotin (K)"""
,15064  ,892.4857  ,1782.9569  ,1782.9549  ,1.10 ,1  ,14  ,3.1 ,1  ,""" ESGKTLAIQLLAEGK + Biotin (K)"""
,10355  ,694.3746  ,2080.1021  ,2080.0986  ,1.66 ,2  ,14  ,4 ,1  ,""" GNLKVVEELEAQLERK + Biotin (K)"""
,13040  ,791.4012  ,1580.7878  ,1580.7809  ,4.34 ,2  ,14  ,8.7 ,1  ,""" ARDWVAKSIYF + Biotin (K)"""
,5391  ,539.5924  ,1615.7552  ,1615.7525  ,1.68 ,2  ,14  ,4.1 ,1  ,""" SDRVEHKHASQP + Biotin (K)"""
,10969  ,715.3953  ,1428.7761  ,1428.7759  ,0.16 ,2  ,14  ,2.5 ,1  ,""" QTTNSVKVAKK + Biotin (K)"""
,6769  ,581.2860  ,1160.5575  ,1160.5583  ,-0.69 ,2  ,14  ,6.7 ,1  ,""" KMWGKNR + Biotin (K); Oxidation (M)"""
,15014  ,888.4703  ,1774.9261  ,1774.9222  ,2.22 ,3  ,14  ,5.4 ,1  ,""" NKKDLFMEKIQR + Biotin (K)"""
