Query,Observed,Mr(expt),Mr(calc),ppm,Miss,Score,Expect,Rank,Peptide
11505,912.4890,1822.9635,1822.9611,1.31,1,27,0.11,1,"SVNTEPAALELAVKR + Biotin (K)"
11848,938.9544,1875.8942,1875.8884,3.10,0,25,0.41,1,"DVEVSGTNSTALSSVGK + Biotin (K)"
3511,537.7742,1073.5338,1073.5361,-2.20,1,24,0.14,1,"ITDLKCR + Biotin (K)"
4425,573.9547,1718.8421,1718.8371,2.90,2,24,0.38,1,"EKLDCPFVTGKEK + Biotin (K)"
10117,549.6307,1645.8702,1645.8684,1.11,2,23,0.22,1,"KFGQMVKEIGGVK + Biotin (K)"
7328,697.3766,1392.7386,1392.7410,-1.69,1,23,0.19,1,"KHLVAVFK + 2 Biotin (K)"
6408,658.8727,1315.7308,1315.7322,-1.08,0,22,0.25,1,"STLVLHPPVK + Biotin (K)"
9687,801.3983,2401.1731,2401.1712,0.80,1,22,1.6,1,"EVLLGKISSQTLNVNSHEK + Biotin (K); Phospho (ST)"
9827,809.0758,2424.2056,2424.2140,-3.48,3,22,0.88,1,"TLEEQIKKERTALEER + 2 Biotin (K)"
2177,477.2369,1428.6888,1428.6927,-2.75,1,22,0.7,1,"QTVMQKVK + 2 Biotin (K); Oxidation (M)"
11002,583.9886,1748.9440,1748.9429,0.61,2,21,0.25,1,"AKSRPDVIGKVK + 2 Biotin (K)"
8205,734.3409,2200.0010,2199.9993,0.79,2,21,2,1,"TVTGARFCCKLQKPQT + Biotin (K); 2 Carbamidomethyl (C); Phospho (ST)"
8642,752.8945,1503.7744,1503.7789,-3.00,2,21,0.51,1,"CISKGKTSVEVK + Biotin (K)"
10361,837.3596,2509.0569,2509.0606,-1.48,1,21,2.5,1,"SSLVHSQDMMTYAKSLGLR + Biotin (K); 2 Phospho (ST)"
9622,797.8857,1593.7568,1593.7499,4.34,2,20,0.98,1,"MRTMLSKMNEK + Biotin (K)"
13974,937.7873,2810.3400,2810.3336,2.30,2,19,2.9,1,"NAIGRMTKPAELCMVTQFSKDR + Biotin (K); Carbamidomethyl (C); 2 Oxidation (M)"
10743,859.9410,1717.8674,1717.8717,-2.52,3,19,1.1,1,"KVDKNIKMFK + 2 Biotin (K); Oxidation (M)"
11647,924.5081,1847.0017,1846.9975,2.28,1,19,0.44,1,"NHIIEVGKSGLITIAG + Biotin (K)"
13823,893.4173,2677.2301,2677.2232,2.55,2,19,3.4,1,"LVGGMSRMPKVQATVQEIFGK + Biotin (K); Oxidation (M); 2 Phospho (ST)"
7708,713.3641,2137.0706,2137.0642,2.97,0,18,2.4,1,"GIVPVATQHELIAENLK + Biotin (K); Phospho (ST)"
12435,1004.4697,2006.9248,2006.9206,2.11,1,18,6.2,1,"SGSAGTQLAVISEKK + 2 Biotin (K); Phospho (ST)"
13124,738.3920,2212.1541,2212.1513,1.30,2,18,0.95,1,"GISKRMGTINFIISLIK + Biotin (K); Oxidation (M); Phospho (ST)"
6774,674.3462,2020.0167,2020.0176,-0.44,3,18,2.2,1,"VKGLLSNGVSGAGKDGKK + Biotin (K); Phospho (ST)"
4982,599.6191,1795.8354,1795.8273,4.52,1,18,1.9,1,"EDLQLHFMEPKSP + Biotin (K)"
3107,522.2925,1563.8558,1563.8555,0.21,1,18,0.87,1,"LKPRILENAER + Biotin (K)"
7799,717.4023,1432.7900,1432.7877,1.63,1,18,0.7,1,"VLKILATLTR + Biotin (K); Phospho (ST)"
3405,532.9199,1595.7379,1595.7418,-2.45,1,18,1.6,1,"KDPSIAALFSNK + Biotin (K); Phospho (ST)"
4021,557.2847,1668.8324,1668.8327,-0.20,1,18,2.1,1,"NQSLLKEICNPK + Biotin (K); Carbamidomethyl (C)"
11178,885.4246,2653.2520,2653.2437,3.13,2,17,6.2,1,"EDYTMITIDKIGAANKCVIQE + Biotin (K); Carbamidomethyl (C); Oxidation (M)"
6767,673.9810,2018.9212,2018.9297,-4.21,1,17,2.8,1,"DGMNLVAKEMLVCNPK + Biotin (K); 2 Oxidation (M)"
8229,735.3875,1468.7605,1468.7642,-2.57,1,17,2.4,1,"AQQMLQLAGKR + Biotin (K)"
5523,621.3095,1240.6045,1240.6056,-0.93,1,17,3.1,1,"KQSIHMQK + Biotin (K); Oxidation (M)"
9315,782.8873,1563.7601,1563.7554,3.04,3,17,1.6,1,"KTASLKEKK + 2 Biotin (K); Phospho (ST)"
5907,637.3237,1272.6329,1272.6318,0.84,1,17,3.2,1,"VAGLEQMKR + Biotin (K); Oxidation (M)"
6867,678.3195,2031.9366,2031.9271,4.65,2,17,4.5,1,"SFLNKRLGGSMTSSNK + Biotin (K); Phospho (ST)"
7867,721.0203,2160.0390,2160.0435,-2.13,2,17,3,1,"QFDRRPSRWTQGSWK + Biotin (K)"
6174,649.9796,1946.9168,1946.9124,2.26,2,17,3,1,"CVKAGMKSNAIQNER + Biotin (K); Carbamidomethyl (C); Oxidation (M)"
12373,996.4741,2986.4005,2986.3895,3.68,3,17,8.9,1,"TISLKLMRYIFTCAHLFACNKK + Biotin (K); 2 Phospho (ST)"
12002,951.4618,1900.9090,1900.8998,4.88,2,17,7.8,1,"VPKECHFTICKENK + Biotin (K)"
5672,626.8301,1251.6457,1251.6467,-0.85,2,17,0.82,1,"KSPAAAKK + 2 Biotin (K)"
10585,850.3929,1698.7713,1698.7680,1.96,1,16,7.5,1,"AAKHASLCFDK + 2 Biotin (K); Carbamidomethyl (C)"
7090,686.3514,2056.0325,2056.0363,-1.84,3,16,3.7,1,"RCSVTAIKSGFKAVVGK + Biotin (K); Phospho (ST)"
4802,589.7582,1177.5019,1177.4995,2.11,0,16,0.98,1,"EMESELSK + Biotin (K)"
8169,732.3727,2194.0964,2194.1013,-2.24,2,16,4.3,1,"KLVEKVLQEEEAAEK + 2 Biotin (K)"
6268,653.8359,1305.6573,1305.6516,4.41,2,16,1.5,1,"KLANNVTKL + Biotin (K); Phospho (ST)"
10890,867.8964,1733.7783,1733.7864,-4.69,2,16,2.6,1,"IKQESFKIVGIS + Biotin (K); 2 Phospho (ST)"
6748,672.9924,2015.9553,2015.9573,-1.02,2,16,3.3,1,"SIGHVAKSMKTPSLASP + Biotin (K); Phospho (ST)"
11112,882.0947,2643.2624,2643.2516,4.07,1,16,5.2,1,"EYAAVVAVGQKASLATTHDAAHK + Biotin (K); Phospho (Y)"
6573,665.3485,1993.0237,1993.0220,0.87,3,16,3.1,1,"PQRIADVKKFLASSK + Biotin (K); Phospho (ST)"
11001,875.4788,1748.9431,1748.9429,0.09,2,16,0.87,1,"AKSRPDVIGKVK + 2 Biotin (K)"
7833,719.3453,1436.6760,1436.6727,2.32,2,16,6.3,1,"FDKCVKAGMR + Biotin (K); Carbamidomethyl (C)"
5715,628.3669,1254.7192,1254.7230,-3.03,3,16,0.57,1,"KIKERSLR + Biotin (K)"
7720,713.9062,1425.7978,1425.8013,-2.47,1,16,1.3,1,"GIITRATIDLK + Biotin (K)"
11528,914.9719,1827.9292,1827.9222,3.79,1,16,2.2,1,"EINLSTLEMTAPKR + Biotin (K)"
5963,639.3343,1276.6540,1276.6597,-4.47,0,16,3.4,1,"AAAAPAAAAPAAK + Biotin (K)"
7369,466.6076,1396.8009,1396.7941,4.84,0,16,0.39,1,"KPFPKPVLFV + Biotin (K)"
12934,1068.8717,3203.5933,3203.6042,-3.41,3,16,5.9,1,"ALVTFERNFRTQHLQVQMVMIDKSS + Biotin (K)"
13283,1139.2146,3414.6220,3414.6179,1.19,2,16,7.8,1,"NPSDPVLTDRIQAIVTTEKSIDEMMK + 2 Biotin (K); 2 Oxidation (M)"
